"ChemID","CAS","CAS_checksum","NAME","name_error","preferred_name","iupac","SMILES","STAR_flag","New STAR flag","Canonical_QSARr","InChI_Code_QSARr","InChI Key_QSARr","gsid","dsstox_substance_id","qc_level","dsstox_compound_id","Tr_1_Tst_0"
100001.0,"50-29-3","ValidCAS","p,p'-DDT","Warning: Structure is taken from ACD/Dictionary","p,p'-DDT","1,1'-(2,2,2-trichloroethane-1,1-diyl)bis(4-chlorobenzene)","ClC(Cl)(Cl)C(c1ccc(Cl)cc1)c1ccc(Cl)cc1","4 STAR","4 STAR","ClC(Cl)(Cl)C(c1ccc(Cl)cc1)c1ccc(Cl)cc1","InChI=1S/C14H9Cl5/c15-11-5-1-9(2-6-11)13(14(17,18)19)10-3-7-12(16)8-4-10/h1-8,13H","YVGGHNCTFXOJCH-UHFFFAOYSA-N",20375,"DTXSID4020375","DSSTox_High","DTXCID20375",1
100002.0,"56-23-5","ValidCAS","Tetrachloromethane","Ok","Carbon tetrachloride","tetrachloromethane","ClC(Cl)(Cl)Cl","4 STAR","4 STAR","ClC(Cl)(Cl)Cl","InChI=1S/CCl4/c2-1(3,4)5","VZGDMQKNWNREIO-UHFFFAOYSA-N",20250,"DTXSID8020250","DSSTox_Low","DTXCID20250",1
100003.0,"58-89-9, 319-84-6, 319-85-7, 319-86-8","ValidCAS","g-HCH, a-HCH, b-HCH, d-HCH","Warning: Structure is taken from ACD/Dictionary","Lindane",,"Cl[C@@H]1[C@@H](Cl)[C@H](Cl)[C@H](Cl)[C@@H](Cl)[C@@H]1Cl |&1:1,2,4,6,8,10|","4 STAR Enhanced Stereochemistry","4 STAR Enhanced Stereochemistry","ClC1C(Cl)C(Cl)C(Cl)C(Cl)C1Cl","InChI=1S/C6H6Cl6/c7-1-2(8)4(10)6(12)5(11)3(1)9/h1-6H","JLYXXMFPNIAWKQ-UHFFFAOYSA-N",20686,"DTXSID2020686","DSSTox_High","DTXCID40196532",1
100004.0,"60-29-7","ValidCAS","Diethyl ether","Ok","Diethyl ether","diethyl ether","CCOCC","4 STAR","4 STAR","CCOCC","InChI=1S/C4H10O/c1-3-5-4-2/h3-4H2,1-2H3","RTZKZFJDLAIYFH-UHFFFAOYSA-N",21720,"DTXSID3021720","DSSTox_Low","DTXCID101720",0
100005.0,"60-57-1, 72-20-8","ValidCAS","Dieldrin, Endrin","Warning: Structure is taken from ACD/Dictionary","Dieldrin",,"ClC1(Cl)[C@@]2(Cl)[C@@H]3[C@@H]4C[C@@H]([C@H]5O[C@H]54)[C@@H]3[C@]1(Cl)C(Cl)=C2Cl |o1:3,5,6,8,9,11,12,13|","4 STAR Enhanced Stereochemistry","4 STAR Enhanced Stereochemistry","ClC1(Cl)C2(Cl)C3C4CC(C5OC54)C3C1(Cl)C(Cl)=C2Cl","InChI=1S/C12H8Cl6O/c13-8-9(14)11(16)5-3-1-2(6-7(3)19-6)4(5)10(8,15)12(11,17)18/h2-7H,1H2","DFBKLUNHFCTMDC-UHFFFAOYSA-N",20453,"DTXSID9020453","DSSTox_High","DTXCID30196607",1
100006.0,"62-44-2","ValidCAS","4-Ethoxyacetanilide","Ok","Phenacetin","N-(4-ethoxyphenyl)acetamide","CC(=O)Nc1ccc(cc1)OCC","4 STAR","4 STAR","CC(=O)Nc1ccc(cc1)OCC","InChI=1S/C10H13NO2/c1-3-13-10-6-4-9(5-7-10)11-8(2)12/h4-7H,3H2,1-2H3,(H,11,12)","CPJSUEIXXCENMM-UHFFFAOYSA-N",21116,"DTXSID1021116","DSSTox_Low","DTXCID001116",1
100007.0,"64-17-5","ValidCAS","Ethanol","Ok","Ethanol","ethanol","CCO","4 STAR","4 STAR","CCO","InChI=1S/C2H6O/c1-2-3/h3H,2H2,1H3","LFQSCWFLJHTTHZ-UHFFFAOYSA-N",20584,"DTXSID9020584","DSSTox_High","DTXCID30584",1
100008.0,"64-19-7","ValidCAS","Acetic acid","Ok","Acetic acid","acetic acid","CC(O)=O","4 STAR","4 STAR","CC(O)=O","InChI=1S/C2H4O2/c1-2(3)4/h1H3,(H,3,4)","QTBSBXVTEAMEQO-UHFFFAOYSA-N",24394,"DTXSID5024394","DSSTox_High","DTXCID304394",0
100009.0,"66-25-1","ValidCAS","Hexanal","Ok","Hexanal","hexanal","CCCCCC=O","4 STAR","4 STAR","CCCCCC=O","InChI=1S/C6H12O/c1-2-3-4-5-6-7/h6H,2-5H2,1H3","JARKCYVAAOWBJS-UHFFFAOYSA-N",21604,"DTXSID2021604","DSSTox_Low","DTXCID901604",1
100010.0,"67-56-1","ValidCAS","Methanol","Ok","Methanol","methanol","CO","4 STAR","4 STAR","CO","InChI=1S/CH4O/c1-2/h2H,1H3","OKKJLVBELUTLKV-UHFFFAOYSA-N",21731,"DTXSID2021731","DSSTox_Low","DTXCID801731",1
100011.0,"67-63-0","ValidCAS","2-Propanol","Ok","Isopropanol","propan-2-ol","CC(C)O","4 STAR","4 STAR","CC(C)O","InChI=1S/C3H8O/c1-3(2)4/h3-4H,1-2H3","KFZMGEQAYNKOFK-UHFFFAOYSA-N",20762,"DTXSID7020762","DSSTox_Low","DTXCID50762",1
100012.0,"67-64-1","ValidCAS","Acetone","Ok","Acetone","propan-2-one","CC(C)=O","4 STAR","4 STAR","CC(C)=O","InChI=1S/C3H6O/c1-3(2)4/h1-2H3","CSCPPACGZOOCGX-UHFFFAOYSA-N",21482,"DTXSID8021482","DSSTox_Low","DTXCID101482",0
100013.0,"67-66-3","ValidCAS","Trichloromethane","Ok","Chloroform","trichloromethane","ClC(Cl)Cl","4 STAR","4 STAR","ClC(Cl)Cl","InChI=1S/CHCl3/c2-1(3)4/h1H","HEDRZPFGACZZDS-UHFFFAOYSA-N",20306,"DTXSID1020306","DSSTox_Low","DTXCID10306",1
100014.0,"67-68-5","ValidCAS","Dimethyl sulfoxide","Ok","Dimethyl sulfoxide","C2H6OS","CS(C)=O","4 STAR","4 STAR","CS(C)=O","InChI=1S/C2H6OS/c1-4(2)3/h1-2H3","IAZDPXIOMUYVGZ-UHFFFAOYSA-N",21735,"DTXSID2021735","DSSTox_Low","DTXCID401735",1
100015.0,"67-72-1","ValidCAS","Hexachloroethane","Ok","Hexachloroethane","hexachloroethane","ClC(Cl)(Cl)C(Cl)(Cl)Cl","4 STAR","4 STAR","ClC(Cl)(Cl)C(Cl)(Cl)Cl","InChI=1S/C2Cl6/c3-1(4,5)2(6,7)8","VHHHONWQHHHLTI-UHFFFAOYSA-N",20689,"DTXSID7020689","DSSTox_Low","DTXCID90689",1
100016.0,"68-12-2","ValidCAS","Dimethylformamide","Ok","N,N-Dimethylformamide","N,N-dimethylformamide","CN(C)C=O","4 STAR","4 STAR","CN(C)C=O","InChI=1S/C3H7NO/c1-4(2)3-5/h3H,1-2H3","ZMXDDKWLCZADIW-UHFFFAOYSA-N",20515,"DTXSID6020515","DSSTox_High","DTXCID20515",0
100017.0,"69-72-7","ValidCAS","2-Hydroxybenzoic acid","Ok","Salicylic acid","2-hydroxybenzoic acid","Oc1ccccc1C(O)=O","4 STAR","4 STAR","Oc1ccccc1C(O)=O","InChI=1S/C7H6O3/c8-6-4-2-1-3-5(6)7(9)10/h1-4,8H,(H,9,10)","YGSDEFSMJLZEOE-UHFFFAOYSA-N",26368,"DTXSID7026368","DSSTox_Low","DTXCID206368",1
100018.0,"71-23-8","ValidCAS","1-Propanol","Ok","1-Propanol","propan-1-ol","CCCO","4 STAR","4 STAR","CCCO","InChI=1S/C3H8O/c1-2-3-4/h4H,2-3H2,1H3","BDERNNFJNOPAEC-UHFFFAOYSA-N",21739,"DTXSID2021739","DSSTox_High","DTXCID001739",1
100019.0,"71-36-3","ValidCAS","1-Butanol","Ok","1-Butanol","butan-1-ol","CCCCO","4 STAR","4 STAR","CCCCO","InChI=1S/C4H10O/c1-2-3-4-5/h5H,2-4H2,1H3","LRHPLDYGYMQRHN-UHFFFAOYSA-N",21740,"DTXSID1021740","DSSTox_Low","DTXCID701740",1
100020.0,"71-41-0","ValidCAS","1-Pentanol","Ok","1-Pentanol","pentan-1-ol","CCCCCO","4 STAR","4 STAR","CCCCCO","InChI=1S/C5H12O/c1-2-3-4-5-6/h6H,2-5H2,1H3","AMQJEAYHLZJPGS-UHFFFAOYSA-N",21741,"DTXSID6021741","DSSTox_Low","DTXCID101741",0
100021.0,"71-43-2","ValidCAS","Benzene","Ok","Benzene","benzene","c1ccccc1","4 STAR","4 STAR","c1ccccc1","InChI=1S/C6H6/c1-2-4-6-5-3-1/h1-6H","UHOVQNZJYSORNB-UHFFFAOYSA-N",39242,"DTXSID3039242","DSSTox_Low","DTXCID20135",1
100022.0,"71-55-6","ValidCAS","1,1,1-Trichloroethane","Ok","1,1,1-Trichloroethane","1,1,1-trichloroethane","CC(Cl)(Cl)Cl","4 STAR","4 STAR","CC(Cl)(Cl)Cl","InChI=1S/C2H3Cl3/c1-2(3,4)5/h1H3","UOCLXMDMGBRAIB-UHFFFAOYSA-N",21381,"DTXSID0021381","DSSTox_Low","DTXCID501381",1
100024.0,"72-54-8","ValidCAS","p,p'-DDD","Warning: Structure is taken from ACD/Dictionary","p,p'-DDD","1,1'-(2,2-dichloroethane-1,1-diyl)bis(4-chlorobenzene)","ClC(Cl)C(c1ccc(Cl)cc1)c1ccc(Cl)cc1","4 STAR","4 STAR","ClC(Cl)C(c1ccc(Cl)cc1)c1ccc(Cl)cc1","InChI=1S/C14H10Cl4/c15-11-5-1-9(2-6-11)13(14(17)18)10-3-7-12(16)8-4-10/h1-8,13-14H","AHJKRLASYNVKDZ-UHFFFAOYSA-N",20373,"DTXSID4020373","DSSTox_Low","DTXCID60373",1
100025.0,"72-55-9","ValidCAS","p,p'-DDE","Warning: Structure is taken from ACD/Dictionary","p,p'-DDE","1,1'-(2,2-dichloroethene-1,1-diyl)bis(4-chlorobenzene)","ClC(Cl)=C(c1ccc(Cl)cc1)c1ccc(Cl)cc1","4 STAR","4 STAR","ClC(Cl)=C(c1ccc(Cl)cc1)c1ccc(Cl)cc1","InChI=1S/C14H8Cl4/c15-11-5-1-9(2-6-11)13(14(17)18)10-3-7-12(16)8-4-10/h1-8H","UCNVFOCBFJOQAL-UHFFFAOYSA-N",20374,"DTXSID9020374","DSSTox_High","DTXCID90374",0
100026.0,"74-82-8","ValidCAS","Methane","Ok","Methane","methane","C","4 STAR","4 STAR","C","InChI=1S/CH4/h1H4","VNWKTOKETHGBQD-UHFFFAOYSA-N",25545,"DTXSID8025545","DSSTox_Low","DTXCID705545",1
100027.0,"74-84-0","ValidCAS","Ethane","Ok","Ethane","ethane","CC","4 STAR","4 STAR","CC","InChI=1S/C2H6/c1-2/h1-2H3","OTMSDBZUPAUEDD-UHFFFAOYSA-N",26377,"DTXSID6026377","DSSTox_Low","DTXCID106377",1
100028.0,"74-85-1","ValidCAS","Ethene","Ok","Ethylene","ethene","C=C","4 STAR","4 STAR","C=C","InChI=1S/C2H4/c1-2/h1-2H2","VGGSQFUCUMXWEO-UHFFFAOYSA-N",26378,"DTXSID1026378","DSSTox_Low","DTXCID605931",1
100029.0,"74-87-3","ValidCAS","Chloromethane","Ok","Chloromethane","chloromethane","CCl","4 STAR","4 STAR","CCl","InChI=1S/CH3Cl/c1-2/h1H3","NEHMKBQYUWJMIP-UHFFFAOYSA-N",21541,"DTXSID0021541","DSSTox_Low","DTXCID701541",0
100030.0,"74-88-4","ValidCAS","Iodomethane","Ok","Methyl iodide","iodomethane","CI","4 STAR","4 STAR","CI","InChI=1S/CH3I/c1-2/h1H3","INQOMBQAUSQDDS-UHFFFAOYSA-N",24187,"DTXSID0024187","DSSTox_Low","DTXCID804187",1
100031.0,"74-89-5","ValidCAS","Methylamine","Ok","Methylamine","methanamine","CN","4 STAR","4 STAR","CN","InChI=1S/CH5N/c1-2/h2H2,1H3","BAVYZALUXZFZLV-UHFFFAOYSA-N",25683,"DTXSID7025683","DSSTox_Low","DTXCID305683",1
100032.0,"74-95-3","ValidCAS","Dibromomethane","Ok","Dibromomethane","dibromomethane","BrCBr","4 STAR","4 STAR","BrCBr","InChI=1S/CH2Br2/c2-1-3/h1H2","FJBFPHVGVWTDIP-UHFFFAOYSA-N",21557,"DTXSID4021557","DSSTox_Low","DTXCID401557",1
100033.0,"74-96-4","ValidCAS","Bromoethane","Ok","Bromoethane","bromoethane","CCBr","4 STAR","4 STAR","CCBr","InChI=1S/C2H5Br/c1-2-3/h2H2,1H3","RDHPKYGYEGBMSE-UHFFFAOYSA-N",20199,"DTXSID6020199","DSSTox_Low","DTXCID60199",0
100034.0,"74-98-6","ValidCAS","Propane","Ok","Propane","propane","CCC","4 STAR","4 STAR","CCC","InChI=1S/C3H8/c1-3-2/h3H2,1-2H3","ATUOYWHBWRKTHZ-UHFFFAOYSA-N",26386,"DTXSID5026386","DSSTox_Low","DTXCID006386",1
100035.0,"75-03-6","ValidCAS","Iodoethane","Ok","Ethane, iodo-","Iodoethane","CCI","4 STAR","4 STAR","CCI","InChI=1S/C2H5I/c1-2-3/h2H2,1H3","HVTICUPFWKNHNG-UHFFFAOYSA-N",58783,"DTXSID9058783","Public_High","DTXCID1047730",1
100036.0,"75-05-8","ValidCAS","Acetonitrile","Ok","Acetonitrile","acetonitrile","CC#N","4 STAR","4 STAR","CC#N","InChI=1S/C2H3N/c1-2-3/h1H3","WEVYAHXRMPXWCK-UHFFFAOYSA-N",20009,"DTXSID7020009","DSSTox_Low","DTXCID909",1
100037.0,"75-09-2","ValidCAS","Dichloromethane","Ok","Dichloromethane","dichloromethane","ClCCl","4 STAR","4 STAR","ClCCl","InChI=1S/CH2Cl2/c2-1-3/h1H2","YMWUJEATGCHHMB-UHFFFAOYSA-N",20868,"DTXSID0020868","DSSTox_Low","DTXCID40868",0
100038.0,"75-15-0","ValidCAS","Carbon disulfide","Warning: Structure is taken from ACD/Dictionary","Carbon disulfide","methanedithione","S=C=S","4 STAR","4 STAR","S=C=S","InChI=1S/CS2/c2-1-3","QGJOPFRUJISHPQ-UHFFFAOYSA-N",23947,"DTXSID6023947","DSSTox_Low","DTXCID103947",1
100039.0,"75-34-3","ValidCAS","1,1-Dichloroethane","Ok","1,1-Dichloroethane","1,1-dichloroethane","CC(Cl)Cl","4 STAR","4 STAR","CC(Cl)Cl","InChI=1S/C2H4Cl2/c1-2(3)4/h2H,1H3","SCYULBFZEHDVBN-UHFFFAOYSA-N",20437,"DTXSID1020437","DSSTox_Low","DTXCID10437",1
100040.0,"75-52-5","ValidCAS","Nitromethane","Ok","Nitromethane","nitromethane","C[N+]([O-])=O","4 STAR","4 STAR","C[N+]([O-])=O","InChI=1S/CH3NO2/c1-2(3)4/h1H3","LYGJENNIWJXYER-UHFFFAOYSA-N",20977,"DTXSID2020977","DSSTox_Low","DTXCID40977",1
100041.0,"75-65-0","ValidCAS","t-Butanol","Ok","tert-Butyl alcohol","2-methylpropan-2-ol","CC(C)(C)O","4 STAR","4 STAR","CC(C)(C)O","InChI=1S/C4H10O/c1-4(2,3)5/h5H,1-3H3","DKGAVHZHDRPRBM-UHFFFAOYSA-N",20204,"DTXSID8020204","DSSTox_Low","DTXCID40204",0
100042.0,"75-73-0","ValidCAS","Tetrafluoromethane","Ok","Carbon tetrafluoride","tetrafluoromethane","FC(F)(F)F","4 STAR","4 STAR","FC(F)(F)F","InChI=1S/CF4/c2-1(3,4)5","TXEYQDLBPFQVAA-UHFFFAOYSA-N",41757,"DTXSID2041757","DSSTox_Low","DTXCID0021757",1
100043.0,"76-44-8","ValidCAS","Heptachlor","Warning: Structure is taken from ACD/Dictionary","Heptachlor","1,4,5,6,7,8,8-heptachloro-3a,4,7,7a-tetrahydro-1H-4,7-methanoindene","ClC1(Cl)C2(Cl)C3C=CC(Cl)C3C1(Cl)C(Cl)=C2Cl","4 STAR","4 STAR","ClC1(Cl)C2(Cl)C3C=CC(Cl)C3C1(Cl)C(Cl)=C2Cl","InChI=1S/C10H5Cl7/c11-4-2-1-3-5(4)9(15)7(13)6(12)8(3,14)10(9,16)17/h1-5H","FRCCEHPWNOQAEU-UHFFFAOYSA-N",20679,"DTXSID3020679","DSSTox_Low","DTXCID70679",1
100044.0,"78-79-5","ValidCAS","2-Methyl-1,3-butadiene","Ok","Isoprene","2-methylbuta-1,3-diene","CC(=C)C=C","4 STAR","4 STAR","CC(=C)C=C","InChI=1S/C5H8/c1-4-5(2)3/h4H,1-2H2,3H3","RRHGJUQNOFWUDK-UHFFFAOYSA-N",20761,"DTXSID2020761","DSSTox_Low","DTXCID20761",1
100045.0,"78-82-0","ValidCAS","2-Cyanopropane","Ok","2-Methylpropanenitrile","2-methylpropanenitrile","CC(C)C#N","4 STAR","4 STAR","CC(C)C#N","InChI=1S/C4H7N/c1-4(2)3-5/h4H,1-2H3","LRDFRRGEGBBSRN-UHFFFAOYSA-N",26461,"DTXSID5026461","DSSTox_Low","DTXCID606461",0
100046.0,"78-83-1","ValidCAS","2-Methyl-1-propanol","Ok","2-Methyl-1-propanol","2-methylpropan-1-ol","CC(C)CO","4 STAR","4 STAR","CC(C)CO","InChI=1S/C4H10O/c1-4(2)3-5/h4-5H,3H2,1-2H3","ZXEKIIBDNHEJCQ-UHFFFAOYSA-N",21759,"DTXSID0021759","DSSTox_High","DTXCID601759",1
100047.0,"78-87-5","ValidCAS","1,2-Dichloropropane","Ok","1,2-Dichloropropane","1,2-dichloropropane","CC(Cl)CCl","4 STAR","4 STAR","CC(Cl)CCl","InChI=1S/C3H6Cl2/c1-3(5)2-4/h3H,2H2,1H3","KNKRKFALVUDBJE-UHFFFAOYSA-N",20448,"DTXSID0020448","DSSTox_Low","DTXCID60448",1
100048.0,"78-92-2","ValidCAS","2-Butanol","Ok","2-Butanol","butan-2-ol","CCC(C)O","4 STAR","4 STAR","CCC(C)O","InChI=1S/C4H10O/c1-3-4(2)5/h4-5H,3H2,1-2H3","BTANRVKWQNVYAZ-UHFFFAOYSA-N",21762,"DTXSID9021762","DSSTox_Low","DTXCID101762",1
100049.0,"78-93-3","ValidCAS","2-Butanone","Ok","Methyl ethyl ketone","butan-2-one","CCC(C)=O","4 STAR","4 STAR","CCC(C)=O","InChI=1S/C4H8O/c1-3-4(2)5/h3H2,1-2H3","ZWEHNKRNPOVVGH-UHFFFAOYSA-N",21516,"DTXSID3021516","DSSTox_Low","DTXCID801516",0
100050.0,"79-00-5","ValidCAS","1,1,2-Trichloroethane","Ok","1,1,2-Trichloroethane","1,1,2-trichloroethane","ClCC(Cl)Cl","4 STAR","4 STAR","ClCC(Cl)Cl","InChI=1S/C2H3Cl3/c3-1-2(4)5/h2H,1H2","UBOXGVDOUJQMTN-UHFFFAOYSA-N",21380,"DTXSID5021380","DSSTox_Low","DTXCID101380",1
100051.0,"79-01-6","ValidCAS","Trichloroethene","Warning: Structure is taken from ACD/Dictionary","Trichloroethylene","1,1,2-trichloroethene","ClC=C(Cl)Cl","4 STAR","4 STAR","ClC=C(Cl)Cl","InChI=1S/C2HCl3/c3-1-2(4)5/h1H","XSTXAVWGXDQKEL-UHFFFAOYSA-N",21383,"DTXSID0021383","DSSTox_Low","DTXCID901382",1
100052.0,"79-20-9","ValidCAS","Methyl acetate","Ok","Methyl acetate","methyl acetate","COC(C)=O","4 STAR","4 STAR","COC(C)=O","InChI=1S/C3H6O2/c1-3(4)5-2/h1-2H3","KXKVLQRXCPHEJC-UHFFFAOYSA-N",21767,"DTXSID4021767","DSSTox_Low","DTXCID101767",1
100053.0,"79-24-3","ValidCAS","Nitroethane","Ok","Nitroethane","nitroethane","CC[N+]([O-])=O","4 STAR","4 STAR","CC[N+]([O-])=O","InChI=1S/C2H5NO2/c1-2-3(4)5/h2H2,1H3","MCSAJNNLRCFZED-UHFFFAOYSA-N",20969,"DTXSID8020969","DSSTox_Low","DTXCID80969",0
100054.0,"83-32-9","ValidCAS","Acenaphthene","Ok","Acenaphthene","1,2-dihydroacenaphthylene","C1Cc2cccc3cccc1c23","4 STAR","4 STAR","C1Cc2cccc3cccc1c23","InChI=1S/C12H10/c1-3-9-4-2-6-11-8-7-10(5-1)12(9)11/h1-6H,7-8H2","CWRYPZZKDGJXCA-UHFFFAOYSA-N",21774,"DTXSID3021774","DSSTox_Low","DTXCID201774",1
100055.0,"85-01-8","ValidCAS","Phenanthrene","Ok","Phenanthrene","phenanthrenato","c1cc2ccccc2c2ccccc21","4 STAR","4 STAR","c1cc2ccccc2c2ccccc21","InChI=1S/C14H10/c1-3-7-13-11(5-1)9-10-12-6-2-4-8-14(12)13/h1-10H","YNPNZTXNASCQKK-UHFFFAOYSA-N",24254,"DTXSID6024254","DSSTox_Low","DTXCID904254",1
100056.0,"86-73-7","ValidCAS","Fluorene","Ok","Fluorene","9H-fluorene","C1c2ccccc2-c2ccccc21","4 STAR","4 STAR","C1c2ccccc2-c2ccccc21","InChI=1S/C13H10/c1-3-7-12-10(5-1)9-11-6-2-4-8-13(11)12/h1-8H,9H2","NIHNNTQXNPWCJQ-UHFFFAOYSA-N",24105,"DTXSID8024105","DSSTox_Low","DTXCID604105",1
100057.0,"87-61-6","ValidCAS","1,2,3-Trichlorbenzene","Ok","1,2,3-Trichlorobenzene","C6H3Cl3","Clc1c(Cl)cccc1Cl","4 STAR","4 STAR","Clc1c(Cl)cccc1Cl","InChI=1S/C6H3Cl3/c7-4-2-1-3-5(8)6(4)9/h1-3H","RELMFMZEBKVZJC-UHFFFAOYSA-N",26193,"DTXSID8026193","DSSTox_High","DTXCID706193",0
100058.0,"87-85-4","ValidCAS","Hexamethylbenzene","Ok","Hexamethylbenzene","1,2,3,4,5,6-hexamethylbenzene","Cc1c(C)c(C)c(C)c(C)c1C","4 STAR","4 STAR","Cc1c(C)c(C)c(C)c(C)c1C","InChI=1S/C12H18/c1-7-8(2)10(4)12(6)11(5)9(7)3/h1-6H3","YUWFEBAXEOLKSG-UHFFFAOYSA-N",58957,"DTXSID3058957","Public_High","DTXCID0048555",1
100059.0,"90-13-1","ValidCAS","1-Chloronaphthalene","Ok","1-Chloronaphthalene","1-chloronaphthalene","Clc1cccc2ccccc21","4 STAR","4 STAR","Clc1cccc2ccccc21","InChI=1S/C10H7Cl/c11-10-7-3-5-8-4-1-2-6-9(8)10/h1-7H","JTPNRXUCIXHOKM-UHFFFAOYSA-N",24791,"DTXSID2024791","DSSTox_High","DTXCID904791",1
100060.0,"91-20-3","ValidCAS","Naphthalene","Ok","Naphthalene","naphthalene","c1cccc2ccccc21","4 STAR","4 STAR","c1cccc2ccccc21","InChI=1S/C10H8/c1-2-6-10-8-4-3-7-9(10)5-1/h1-8H","UFWIBTONFRDIAS-UHFFFAOYSA-N",20913,"DTXSID8020913","DSSTox_Low","DTXCID00913",1
100061.0,"91-58-7","ValidCAS","2-Chloronaphthalene","Ok","2-Chloronaphthalene","2-chloronaphthalene","Clc1cc2ccccc2cc1","4 STAR","4 STAR","Clc1cc2ccccc2cc1","InChI=1S/C10H7Cl/c11-10-6-5-8-3-1-2-4-9(8)7-10/h1-7H","CGYGETOMCSJHJU-UHFFFAOYSA-N",23971,"DTXSID8023971","DSSTox_Low","DTXCID603971",0
100062.0,"92-52-4","ValidCAS","Biphenyl","Ok","Biphenyl","biphenyl","c1ccccc1-c1ccccc1","4 STAR","4 STAR","c1ccccc1-c1ccccc1","InChI=1S/C12H10/c1-3-7-11(8-4-1)12-9-5-2-6-10-12/h1-10H","ZUOUZKKEUPVFJK-UHFFFAOYSA-N",20161,"DTXSID4020161","DSSTox_Low","DTXCID60161",1
100063.0,"95-47-6","ValidCAS","o-Xylene","Ok","o-Xylene","C8H10","Cc1ccccc1C","4 STAR","4 STAR","Cc1ccccc1C","InChI=1S/C8H10/c1-7-5-3-4-6-8(7)2/h3-6H,1-2H3","CTQNGGLPUBDAKN-UHFFFAOYSA-N",21807,"DTXSID3021807","DSSTox_Low","DTXCID501807",1
100064.0,"95-50-1","ValidCAS","1,2-Dichlorobenzene","Ok","1,2-Dichlorobenzene","1,2-dichlorobenzene","Clc1ccccc1Cl","4 STAR","4 STAR","Clc1ccccc1Cl","InChI=1S/C6H4Cl2/c7-5-3-1-2-4-6(5)8/h1-4H","RFFLAFLAYFXFSW-UHFFFAOYSA-N",20430,"DTXSID6020430","DSSTox_Low","DTXCID00430",1
100065.0,"95-94-3","ValidCAS","1,2,4,5-Tetrachlorobenzene","Ok","1,2,4,5-Tetrachlorobenzene","1,2,4,5-tetrachlorobenzene","Clc1cc(Cl)c(Cl)cc1Cl","4 STAR","4 STAR","Clc1cc(Cl)c(Cl)cc1Cl","InChI=1S/C6H2Cl4/c7-3-1-4(8)6(10)2-5(3)9/h1-2H","JHBKHLUZVFWLAG-UHFFFAOYSA-N",24320,"DTXSID7024320","DSSTox_Low","DTXCID604320",0
100066.0,"96-22-0","ValidCAS","3-Pentanone","Ok","3-Pentanone","pentan-3-one","CCC(=O)CC","4 STAR","4 STAR","CCC(=O)CC","InChI=1S/C5H10O/c1-3-5(6)4-2/h3-4H2,1-2H3","FDPIMTJIUBPUKL-UHFFFAOYSA-N",21820,"DTXSID6021820","DSSTox_Low","DTXCID301820",1
100067.0,"98-82-8","ValidCAS","Isopropylbenzene","Ok","Cumene","propan-2-ylbenzene","CC(C)c1ccccc1","4 STAR","4 STAR","CC(C)c1ccccc1","InChI=1S/C9H12/c1-8(2)9-6-4-3-5-7-9/h3-8H,1-2H3","RWGFKTVRMDUZSP-UHFFFAOYSA-N",21827,"DTXSID1021827","DSSTox_High","DTXCID101827",1
100068.0,"99-76-3","ValidCAS","Methyl 4-hydroxybenzoate","Ok","Methylparaben","methyl 4-hydroxybenzoate","COC(=O)c1ccc(O)cc1","4 STAR","4 STAR","COC(=O)c1ccc(O)cc1","InChI=1S/C8H8O3/c1-11-8(10)6-2-4-7(9)5-3-6/h2-5,9H,1H3","LXCFILQKKLGQFO-UHFFFAOYSA-N",22529,"DTXSID4022529","DSSTox_Low","DTXCID402529",1
100069.0,"99-96-7","ValidCAS","4-Hydroxybenzoic acid","Ok","4-Hydroxybenzoic acid","4-hydroxybenzoic acid","Oc1ccc(cc1)C(O)=O","4 STAR","4 STAR","Oc1ccc(cc1)C(O)=O","InChI=1S/C7H6O3/c8-6-3-1-5(2-4-6)7(9)10/h1-4,8H,(H,9,10)","FJKROLUGYXJWQN-UHFFFAOYSA-N",26647,"DTXSID3026647","DSSTox_Low","DTXCID806647",0
100070.0,"100-41-4","ValidCAS","Ethylbenzene","Ok","Ethylbenzene","C8H10","CCc1ccccc1","4 STAR","4 STAR","CCc1ccccc1","InChI=1S/C8H10/c1-2-8-6-4-3-5-7-8/h3-7H,2H2,1H3","YNQLUTRBYVCPMQ-UHFFFAOYSA-N",20596,"DTXSID3020596","DSSTox_High","DTXCID10596",1
100071.0,"100-47-0","ValidCAS","Benzonitrile","Ok","Benzonitrile","benzonitrile","N#Cc1ccccc1","4 STAR","4 STAR","N#Cc1ccccc1","InChI=1S/C7H5N/c8-6-7-4-2-1-3-5-7/h1-5H","JFDZBHWFFUWGJE-UHFFFAOYSA-N",21491,"DTXSID7021491","DSSTox_Low","DTXCID001491",1
100072.0,"100-66-3","ValidCAS","Anisole","Ok","Anisole","methoxybenzene","COc1ccccc1","4 STAR","4 STAR","COc1ccccc1","InChI=1S/C7H8O/c1-8-7-5-3-2-4-6-7/h2-6H,1H3","RDOXTESZEPMUJZ-UHFFFAOYSA-N",41608,"DTXSID4041608","DSSTox_Low","DTXCID2021608",1
100073.0,"103-30-0","ValidCAS","trans-Stilbene","Ok","trans-Stilbene","1,1'-(E)-ethene-1,2-diyldibenzene","c1ccccc1/C=C/c1ccccc1","4 STAR Enhanced Stereochemistry","4 STAR Enhanced Stereochemistry","c1ccccc1C=Cc1ccccc1","InChI=1S/C14H12/c1-3-7-13(8-4-1)11-12-14-9-5-2-6-10-14/h1-12H/b12-11+","PJANXHGTPQOBST-VAWYXSNFSA-N",26050,"DTXSID4026050","DSSTox_Low","DTXCID106050",0
100074.0,"103-65-1","ValidCAS","Propylbenzene","Ok","Propylbenzene","propylbenzene","CCCc1ccccc1","4 STAR","4 STAR","CCCc1ccccc1","InChI=1S/C9H12/c1-2-6-9-7-4-3-5-8-9/h3-5,7-8H,2,6H2,1H3","ODLMAHJVESYWTB-UHFFFAOYSA-N",42219,"DTXSID3042219","DSSTox_Low","DTXCID1022219",1
100075.0,"105-37-3","ValidCAS","Ethyl propanoate","Ok","Ethyl propionate","ethyl propanoate","CCC(=O)OCC","4 STAR","4 STAR","CCC(=O)OCC","InChI=1S/C5H10O2/c1-3-5(6)7-4-2/h3-4H2,1-2H3","FKRCODPIKNYEAC-UHFFFAOYSA-N",40110,"DTXSID1040110","DSSTox_Low","DTXCID9020110",1
100076.0,"105-54-4","ValidCAS","Ethyl butanoate","Ok","Ethyl butyrate","ethyl butanoate","CCOC(=O)CCC","4 STAR","4 STAR","CCOC(=O)CCC","InChI=1S/C6H12O2/c1-3-5-6(7)8-4-2/h3-5H2,1-2H3","OBNCKNCVKJNDBV-UHFFFAOYSA-N",40111,"DTXSID6040111","DSSTox_Low","DTXCID4020111",1
100077.0,"106-37-6","ValidCAS","1,4-Dibromobenzene","Ok","1,4-Dibromobenzene","1,4-dibromobenzene","Brc1ccc(Br)cc1","4 STAR","4 STAR","Brc1ccc(Br)cc1","InChI=1S/C6H4Br2/c7-5-1-2-6(8)4-3-5/h1-4H","SWJPEBQEEAHIGZ-UHFFFAOYSA-N",24012,"DTXSID4024012","DSSTox_Low","DTXCID504012",0
100078.0,"106-42-3","ValidCAS","p-Xylene","Ok","p-Xylene","1,4-dimethylbenzene","Cc1ccc(C)cc1","4 STAR","4 STAR","Cc1ccc(C)cc1","InChI=1S/C8H10/c1-7-3-5-8(2)6-4-7/h3-6H,1-2H3","URLKBWYHVLBVBO-UHFFFAOYSA-N",21868,"DTXSID2021868","DSSTox_Low","DTXCID701868",1
100079.0,"106-46-7","ValidCAS","1,4-Dichlorobenzene","Ok","1,4-Dichlorobenzene","1,4-dichlorobenzene","Clc1ccc(Cl)cc1","4 STAR","4 STAR","Clc1ccc(Cl)cc1","InChI=1S/C6H4Cl2/c7-5-1-2-6(8)4-3-5/h1-4H","OCJBOOLMMGQPQU-UHFFFAOYSA-N",20431,"DTXSID1020431","DSSTox_Low","DTXCID30431",1
100080.0,"106-97-8","ValidCAS","Butane","Ok","Butane","C4H10","CCCC","4 STAR","4 STAR","CCCC","InChI=1S/C4H10/c1-3-4-2/h3-4H2,1-2H3","IJDNQMDRQITEOD-UHFFFAOYSA-N",24665,"DTXSID7024665","DSSTox_Low","DTXCID404665",1
100081.0,"107-06-2","ValidCAS","1,2-Dichloroethane","Ok","1,2-Dichloroethane","C2H4Cl2","ClCCCl","4 STAR","4 STAR","ClCCCl","InChI=1S/C2H4Cl2/c3-1-2-4/h1-2H2","WSLDOOZREJYCGB-UHFFFAOYSA-N",20438,"DTXSID6020438","DSSTox_High","DTXCID40438",0
100082.0,"107-07-3","ValidCAS","2-Chloroethanol","Ok","2-Chloroethanol","2-chloroethanol","OCCCl","4 STAR","4 STAR","OCCCl","InChI=1S/C2H5ClO/c3-1-2-4/h4H,1-2H2","SZIFAVKTNFCBPC-UHFFFAOYSA-N",21877,"DTXSID1021877","DSSTox_Low","DTXCID601877",1
100083.0,"107-12-0","ValidCAS","Propionitrile","Ok","Propionitrile","propanenitrile","CCC#N","4 STAR","4 STAR","CCC#N","InChI=1S/C3H5N/c1-2-3-4/h2H2,1H3","FVSKHRXBFJPNKK-UHFFFAOYSA-N",21879,"DTXSID1021879","DSSTox_Low","DTXCID401879",1
100084.0,"107-31-3","ValidCAS","Methyl formate","Ok","Methyl formate","methyl formate","COC=O","4 STAR","4 STAR","COC=O","InChI=1S/C2H4O2/c1-4-2-3/h2H,1H3","TZIHFWKZFHZASV-UHFFFAOYSA-N",25609,"DTXSID5025609","DSSTox_Low","DTXCID305609",1
100085.0,"107-87-9","ValidCAS","2-Pentanone","Ok","2-Pentanone","pentan-2-one","CCCC(C)=O","4 STAR","4 STAR","CCCC(C)=O","InChI=1S/C5H10O/c1-3-4-5(2)6/h3-4H2,1-2H3","XNLICIUVMPYHGG-UHFFFAOYSA-N",21888,"DTXSID0021888","DSSTox_Low","DTXCID301888",0
100086.0,"108-03-2","ValidCAS","1-Nitropropane","Ok","1-Nitropropane","1-nitropropane","CCC[N+]([O-])=O","4 STAR","4 STAR","CCC[N+]([O-])=O","InChI=1S/C3H7NO2/c1-2-3-4(5)6/h2-3H2,1H3","JSZOAYXJRCEYSX-UHFFFAOYSA-N",20980,"DTXSID1020980","DSSTox_Low","DTXCID50980",1
100087.0,"108-20-3","ValidCAS","Di-isopropyl ether","Ok","Isopropyl ether","dipropan-2-yl ether","CC(C)OC(C)C","4 STAR","4 STAR","CC(C)OC(C)C","InChI=1S/C6H14O/c1-5(2)7-6(3)4/h5-6H,1-4H3","ZAFNJMIOTHYJRJ-UHFFFAOYSA-N",21890,"DTXSID4021890","DSSTox_Low","DTXCID401890",1
100088.0,"108-21-4","ValidCAS","Isopropyl acetate","Ok","Isopropyl acetate","propan-2-yl acetate","CC(C)OC(C)=O","4 STAR","4 STAR","CC(C)OC(C)=O","InChI=1S/C5H10O2/c1-4(2)7-5(3)6/h4H,1-3H3","JMMWKPVZQRWMSS-UHFFFAOYSA-N",25478,"DTXSID2025478","DSSTox_Low","DTXCID605478",1
100089.0,"108-38-3","ValidCAS","m-Xylene","Ok","m-Xylene","C8H10","Cc1cc(C)ccc1","4 STAR","4 STAR","Cc1cc(C)ccc1","InChI=1S/C8H10/c1-7-4-3-5-8(2)6-7/h3-6H,1-2H3","IVSZLXZYQVIEFR-UHFFFAOYSA-N",26298,"DTXSID6026298","DSSTox_Low","DTXCID501446",0
100090.0,"108-70-3","ValidCAS","1,3,5-Trichlorobenzene","Ok","1,3,5-Trichlorobenzene","C6H3Cl3","Clc1cc(Cl)cc(Cl)c1","4 STAR","4 STAR","Clc1cc(Cl)cc(Cl)c1","InChI=1S/C6H3Cl3/c7-4-1-5(8)3-6(9)2-4/h1-3H","XKEFYDZQGKAQCN-UHFFFAOYSA-N",26195,"DTXSID8026195","DSSTox_High","DTXCID506195",1
100091.0,"108-87-2","ValidCAS","Methylcyclohexane","Ok","Methylcyclohexane","methylcyclohexane","CC1CCCCC1","4 STAR","4 STAR","CC1CCCCC1","InChI=1S/C7H14/c1-7-5-3-2-4-6-7/h7H,2-6H2,1H3","UAEPNZWRGJTJPN-UHFFFAOYSA-N",47749,"DTXSID0047749","DSSTox_Low","DTXCID4027733",1
100092.0,"108-88-3","ValidCAS","Toluene","Ok","Toluene","methylbenzene","Cc1ccccc1","4 STAR","4 STAR","Cc1ccccc1","InChI=1S/C7H8/c1-7-5-3-2-4-6-7/h2-6H,1H3","YXFVVABEGXRONW-UHFFFAOYSA-N",21360,"DTXSID7021360","DSSTox_Low","DTXCID501360",1
100093.0,"108-90-7","ValidCAS","Chlorobenzene","Ok","Chlorobenzene","chlorobenzene","Clc1ccccc1","4 STAR","4 STAR","Clc1ccccc1","InChI=1S/C6H5Cl/c7-6-4-2-1-3-5-6/h1-5H","MVPPADPHJFYWMZ-UHFFFAOYSA-N",20298,"DTXSID4020298","DSSTox_Low","DTXCID40298",0
100094.0,"108-93-0","ValidCAS","Cyclohexanol","Ok","Cyclohexanol","cyclohexanol","OC1CCCCC1","4 STAR","4 STAR","OC1CCCCC1","InChI=1S/C6H12O/c7-6-4-2-1-3-5-6/h6-7H,1-5H2","HPXRVTGHNJAIIH-UHFFFAOYSA-N",21894,"DTXSID4021894","DSSTox_Low","DTXCID001894",1
100095.0,"109-60-4","ValidCAS","Propyl acetate","Ok","Propyl acetate","propyl acetate","CCCOC(C)=O","4 STAR","4 STAR","CCCOC(C)=O","InChI=1S/C5H10O2/c1-3-4-7-5(2)6/h3-4H2,1-2H3","YKYONYBAUNKHLG-UHFFFAOYSA-N",21901,"DTXSID6021901","DSSTox_Low","DTXCID301901",1
100096.0,"109-66-0","ValidCAS","Pentane","Ok","Pentane","C5H12","CCCCC","4 STAR","4 STAR","CCCCC","InChI=1S/C5H12/c1-3-5-4-2/h3-5H2,1-2H3","OFBQJSOFQDEBGM-UHFFFAOYSA-N",25846,"DTXSID2025846","DSSTox_Low","DTXCID705846",1
100097.0,"109-67-1","ValidCAS","1-Pentene","Ok","1-Pentene","pent-1-ene","CCCC=C","4 STAR","4 STAR","CCCC=C","InChI=1S/C5H10/c1-3-5-4-2/h3H,1,4-5H2,2H3","YWAKXRMUMFPDSH-UHFFFAOYSA-N",25849,"DTXSID7025849","DSSTox_High","DTXCID905849",0
100098.0,"109-69-3","ValidCAS","1-Chlorobutane","Ok","1-Chlorobutane","1-chlorobutane","CCCCCl","4 STAR","4 STAR","CCCCCl","InChI=1S/C4H9Cl/c1-2-3-4-5/h2-4H2,1H3","VFWCMGCRMGJXDK-UHFFFAOYSA-N",20206,"DTXSID8020206","DSSTox_Low","DTXCID00206",1
100099.0,"109-73-9","ValidCAS","n-Butylamine","Ok","Butylamine","butan-1-amine","CCCCN","4 STAR","4 STAR","CCCCN","InChI=1S/C4H11N/c1-2-3-4-5/h2-5H2,1H3","HQABUPZFAYXKJW-UHFFFAOYSA-N",21904,"DTXSID1021904","DSSTox_High","DTXCID501904",1
100100.0,"109-74-0","ValidCAS","Butyronitrile","Ok","Butanenitrile","butanenitrile","CCCC#N","4 STAR","4 STAR","CCCC#N","InChI=1S/C4H7N/c1-2-3-4-5/h2-3H2,1H3","KVNRLNFWIYMESJ-UHFFFAOYSA-N",26823,"DTXSID1026823","DSSTox_Low","DTXCID006823",1
100101.0,"109-94-4","ValidCAS","Ethyl formate","Ok","Ethyl formate","ethyl formate","CCOC=O","4 STAR","4 STAR","CCOC=O","InChI=1S/C3H6O2/c1-2-5-3-4/h3H,2H2,1H3","WBJINCZRORDGAQ-UHFFFAOYSA-N",40117,"DTXSID6040117","DSSTox_Low","DTXCID4020117",0
100102.0,"109-99-9","ValidCAS","Tetrahydrofuran","Ok","Tetrahydrofuran","tetrahydrofuran","C1CCCO1","4 STAR","4 STAR","C1CCCO1","InChI=1S/C4H8O/c1-2-4-5-3-1/h1-4H2","WYURNTSHIVDZCO-UHFFFAOYSA-N",21328,"DTXSID1021328","DSSTox_Low","DTXCID501328",1
100103.0,"110-19-0","ValidCAS","Isobutyl acetate","Ok","Isobutyl acetate","2-methylpropyl acetate","CC(C)COC(C)=O","4 STAR","4 STAR","CC(C)COC(C)=O","InChI=1S/C6H12O2/c1-5(2)4-8-6(3)7/h5H,4H2,1-3H3","GJRQTCIYDGXPES-UHFFFAOYSA-N",26837,"DTXSID5026837","DSSTox_Low","DTXCID906837",1
100104.0,"110-43-0","ValidCAS","2-Heptanone","Ok","2-Heptanone","heptan-2-one","CCCCCC(C)=O","4 STAR","4 STAR","CCCCCC(C)=O","InChI=1S/C7H14O/c1-3-4-5-6-7(2)8/h3-6H2,1-2H3","CATSNJVOTSVZJV-UHFFFAOYSA-N",21916,"DTXSID5021916","DSSTox_Low","DTXCID601916",1
100105.0,"110-54-3","ValidCAS","Hexane","Ok","Hexane","hexane","CCCCCC","4 STAR","4 STAR","CCCCCC","InChI=1S/C6H14/c1-3-5-6-4-2/h3-6H2,1-2H3","VLKZOEOYAKHREP-UHFFFAOYSA-N",21917,"DTXSID0021917","DSSTox_Low","DTXCID001917",0
100106.0,"110-59-8","ValidCAS","Pentanonitrile","Ok","Valeronitrile","pentanenitrile","CCCCC#N","4 STAR","4 STAR","CCCCC#N","InChI=1S/C5H9N/c1-2-3-4-5-6/h2-4H2,1H3","RFFFKMOABOFIDF-UHFFFAOYSA-N",26275,"DTXSID3026275","DSSTox_Low","DTXCID106275",1
100107.0,"110-74-7","ValidCAS","Propyl formate","Ok","Formic acid, propyl ester","PROPYL FORMATE","CCCOC=O","4 STAR","4 STAR","CCCOC=O","InChI=1S/C4H8O2/c1-2-3-6-4-5/h4H,2-3H2,1H3","KFNNIILCVOLYIR-UHFFFAOYSA-N",59391,"DTXSID3059391","Public_High","DTXCID6033166",1
100108.0,"110-82-7","ValidCAS","Cyclohexane","Ok","Cyclohexane","cyclohexane","C1CCCCC1","4 STAR","4 STAR","C1CCCCC1","InChI=1S/C6H12/c1-2-4-6-5-3-1/h1-6H2","XDTMQSROBMDMFD-UHFFFAOYSA-N",21923,"DTXSID4021923","DSSTox_Low","DTXCID701923",1
100109.0,"110-83-8","ValidCAS","Cyclohexene","Ok","Cyclohexene","cyclohexene","C1CCCC=C1","4 STAR","4 STAR","C1CCCC=C1","InChI=1S/C6H10/c1-2-4-6-5-3-1/h1-2H,3-6H2","HGCIXCUEYOPUTN-UHFFFAOYSA-N",38717,"DTXSID9038717","DSSTox_Low","DTXCID7018717",0
100110.0,"110-89-4","ValidCAS","Piperidine","Ok","Piperidine","piperidine","C1CCCCN1","4 STAR","4 STAR","C1CCCCN1","InChI=1S/C5H11N/c1-2-4-6-5-3-1/h6H,1-5H2","NQRYJNQNLNOLGT-UHFFFAOYSA-N",21165,"DTXSID6021165","DSSTox_Low","DTXCID101165",1
100111.0,"111-27-3","ValidCAS","1-Hexanol","Ok","1-Hexanol","hexan-1-ol","CCCCCCO","4 STAR","4 STAR","CCCCCCO","InChI=1S/C6H14O/c1-2-3-4-5-6-7/h7H,2-6H2,1H3","ZSIAUFGUXNUGDI-UHFFFAOYSA-N",21931,"DTXSID8021931","DSSTox_Low","DTXCID201931",1
100112.0,"111-43-3","ValidCAS","Dipropyl ether","Ok","Propyl ether","dipropyl ether","CCCOCCC","4 STAR","4 STAR","CCCOCCC","InChI=1S/C6H14O/c1-3-5-7-6-4-2/h3-6H2,1-2H3","POLCUAVZOMRGSN-UHFFFAOYSA-N",42343,"DTXSID8042343","DSSTox_Low","DTXCID6022343",1
100113.0,"111-65-9","ValidCAS","Octane","Ok","Octane","octane","CCCCCCCC","4 STAR","4 STAR","CCCCCCCC","InChI=1S/C8H18/c1-3-5-7-8-6-4-2/h3-8H2,1-2H3","TVMXDCGIABBOFY-UHFFFAOYSA-N",26882,"DTXSID0026882","DSSTox_Low","DTXCID406882",0
100114.0,"111-66-0","ValidCAS","1-Octene","Ok","1-Octene","oct-1-ene","CCCCCCC=C","4 STAR","4 STAR","CCCCCCC=C","InChI=1S/C8H16/c1-3-5-7-8-6-4-2/h3H,1,4-8H2,2H3","KWKAKUADMBZCLK-UHFFFAOYSA-N",25804,"DTXSID6025804","DSSTox_Low","DTXCID705804",1
100115.0,"111-87-5","ValidCAS","1-Octanol","Ok","1-Octanol","octan-1-ol","CCCCCCCCO","4 STAR","4 STAR","CCCCCCCCO","InChI=1S/C8H18O/c1-2-3-4-5-6-7-8-9/h9H,2-8H2,1H3","KBPLFHHGFOOTCA-UHFFFAOYSA-N",21940,"DTXSID7021940","DSSTox_Low","DTXCID101940",1
100116.0,"112-92-5","ValidCAS","1-Octadecanol","Ok","1-Octadecanol","octadecan-1-ol","CCCCCCCCCCCCCCCCCCO","4 STAR","4 STAR","CCCCCCCCCCCCCCCCCCO","InChI=1S/C18H38O/c1-2-3-4-5-6-7-8-9-10-11-12-13-14-15-16-17-18-19/h19H,2-18H2,1H3","GLDOVTGHNKAZLK-UHFFFAOYSA-N",26935,"DTXSID8026935","DSSTox_High","DTXCID306935",1
100117.0,"115-10-6","ValidCAS","Dimethyl ether","Ok","Dimethyl ether","C2H6O","COC","4 STAR","4 STAR","COC","InChI=1S/C2H6O/c1-3-2/h1-2H3","LCGLNKUTAGEVQW-UHFFFAOYSA-N",26937,"DTXSID8026937","DSSTox_Low","DTXCID106937",0
100118.0,"118-74-1","ValidCAS","Hexachlorobenzene","Ok","Hexachlorobenzene","hexachlorobenzene","Clc1c(Cl)c(Cl)c(Cl)c(Cl)c1Cl","4 STAR","4 STAR","Clc1c(Cl)c(Cl)c(Cl)c(Cl)c1Cl","InChI=1S/C6Cl6/c7-1-2(8)4(10)6(12)5(11)3(1)9","CKAPSXZOOQJIBF-UHFFFAOYSA-N",20682,"DTXSID2020682","DSSTox_Low","DTXCID80682",1
100119.0,"120-12-7","ValidCAS","Anthracene","Ok","Anthracene","anthracene","c1c2ccccc2cc2ccccc21","4 STAR","4 STAR","c1c2ccccc2cc2ccccc21","InChI=1S/C14H10/c1-2-6-12-10-14-8-4-3-7-13(14)9-11(12)5-1/h1-10H","MWPLVEDNUUSJAV-UHFFFAOYSA-N",23878,"DTXSID0023878","DSSTox_Low","DTXCID203878",1
100120.0,"120-82-1","ValidCAS","1,2,4-Trichlorbenzene","Ok","1,2,4-Trichlorobenzene","C6H3Cl3","Clc1cc(Cl)c(Cl)cc1","4 STAR","4 STAR","Clc1cc(Cl)c(Cl)cc1","InChI=1S/C6H3Cl3/c7-4-1-2-5(8)6(9)3-4/h1-3H","PBKONEOXTCPAFI-UHFFFAOYSA-N",21965,"DTXSID0021965","DSSTox_High","DTXCID701965",1
100121.0,"120-92-3","ValidCAS","Cyclopentanone","Ok","Cyclopentanone","cyclopentanone","O=C1CCCC1","4 STAR","4 STAR","O=C1CCCC1","InChI=1S/C5H8O/c6-5-3-1-2-4-5/h1-4H2","BGTOWKSIORTVQH-UHFFFAOYSA-N",29154,"DTXSID3029154","DSSTox_Low","DTXCID209154",0
100122.0,"120-94-5","ValidCAS","N-Methylpyrrolidine","Ok","N-Methylpyrrolidine","1-methylpyrrolidine","CN1CCCC1","4 STAR","4 STAR","CN1CCCC1","InChI=1S/C5H11N/c1-6-4-2-3-5-6/h2-5H2,1H3","AVFZOVWCLRSYKC-UHFFFAOYSA-N",42210,"DTXSID8042210","DSSTox_Low","DTXCID6022210",1
100123.0,"122-39-4","ValidCAS","Diphenylamine","Ok","Diphenylamine","N-phenylaniline","c1ccccc1Nc1ccccc1","4 STAR","4 STAR","c1ccccc1Nc1ccccc1","InChI=1S/C12H11N/c1-3-7-11(8-4-1)13-12-9-5-2-6-10-12/h1-10,13H","DMBHHRLKUKUOEG-UHFFFAOYSA-N",21975,"DTXSID4021975","DSSTox_Low","DTXCID001975",1
100124.0,"123-38-6","ValidCAS","Propanal","Ok","Propanal","propanal","CCC=O","4 STAR","4 STAR","CCC=O","InChI=1S/C3H6O/c1-2-3-4/h3H,2H2,1H3","NBBJYMSMWIIQGU-UHFFFAOYSA-N",21658,"DTXSID2021658","DSSTox_Low","DTXCID001658",1
100125.0,"123-51-3","ValidCAS","Isopentanol","Warning: Ambiguity is possible","Isopentyl alcohol","3-methylbutan-1-ol","OCCC(C)C","3 STAR: Molfile, Smiles, CAS","4 STAR: Name retrieved from DSSTOX","CC(C)CCO","InChI=1S/C5H12O/c1-5(2)3-4-6/h5-6H,3-4H2,1-2H3","PHTQWCKDNZKARW-UHFFFAOYSA-N",25469,"DTXSID3025469","DSSTox_Low","DTXCID705469",0
100126.0,"123-72-8","ValidCAS","Butanal","Ok","Butyraldehyde","butanal","CCCC=O","4 STAR","4 STAR","CCCC=O","InChI=1S/C4H8O/c1-2-3-4-5/h4H,2-3H2,1H3","ZTQSAGDEMFDKMZ-UHFFFAOYSA-N",21513,"DTXSID8021513","DSSTox_Low","DTXCID601513",1
100127.0,"123-75-1","ValidCAS","Pyrrolidine","Ok","Pyrrolidine","PYRROLIDINE","C1CCCN1","4 STAR","4 STAR","C1CCCN1","InChI=1S/C4H9N/c1-2-4-5-3-1/h5H,1-4H2","RWRDLPDLKQPQOW-UHFFFAOYSA-N",59559,"DTXSID3059559","Public_High","DTXCID6033796",1
100128.0,"123-86-4","ValidCAS","Butyl acetate","Ok","Butyl acetate","butyl acetate","CCCCOC(C)=O","4 STAR","4 STAR","CCCCOC(C)=O","InChI=1S/C6H12O2/c1-3-4-5-8-6(2)7/h3-5H2,1-2H3","DKPFZGUDAPQIHT-UHFFFAOYSA-N",21982,"DTXSID3021982","DSSTox_Low","DTXCID101982",1
100129.0,"123-91-1","ValidCAS","1,4,-Dioxane",,"1,4-Dioxane","1,4-dioxane","O(CCOC1)C1","3 STAR: Molfile, Smiles, CAS","4 STAR: Name retrieved from DSSTOX","C1COCCO1","InChI=1S/C4H8O2/c1-2-6-4-3-5-1/h1-4H2","RYHBNJHYFVUHQT-UHFFFAOYSA-N",20533,"DTXSID4020533","DSSTox_Low","DTXCID00533",0
100130.0,"123-92-2","ValidCAS","Isopentyl acetate","Ok","3-Methylbutyl acetate","3-methylbutyl acetate","CC(C)CCOC(C)=O","4 STAR","4 STAR","CC(C)CCOC(C)=O","InChI=1S/C7H14O2/c1-6(2)4-5-9-7(3)8/h6H,4-5H2,1-3H3","MLFHJEHSLIIPHL-UHFFFAOYSA-N",25453,"DTXSID9025453","DSSTox_High","DTXCID005453",1
100131.0,"124-11-8","ValidCAS","Nonene","Warning: Ambiguity is possible","1-Nonene","non-1-ene","CCCCCCCC=C","4 STAR","4 STAR","CCCCCCCC=C","InChI=1S/C9H18/c1-3-5-7-9-8-6-4-2/h3H,1,4-9H2,2H3","JRZJOMJEPLMPRA-UHFFFAOYSA-N",59562,"DTXSID2059562","Public_High","DTXCID3033806",1
100132.0,"124-13-0","ValidCAS","Octanal","Ok","Octanal","octanal","CCCCCCCC=O","4 STAR","4 STAR","CCCCCCCC=O","InChI=1S/C8H16O/c1-2-3-4-5-6-7-8-9/h8H,2-7H2,1H3","NUJGJRNETVAIRJ-UHFFFAOYSA-N",21643,"DTXSID3021643","DSSTox_Low","DTXCID701643",1
100133.0,"124-40-3","ValidCAS","Dimethylamine","Ok","Dimethylamine","N-methylmethanamine","CNC","4 STAR","4 STAR","CNC","InChI=1S/C2H7N/c1-3-2/h3H,1-2H3","ROSDSFDQCJNGOL-UHFFFAOYSA-N",24057,"DTXSID5024057","DSSTox_High","DTXCID704057",0
100134.0,"124-48-1","ValidCAS","Dibromochloromethane","Ok","Chlorodibromomethane","dibromo(chloro)methane","ClC(Br)Br","4 STAR","4 STAR","ClC(Br)Br","InChI=1S/CHBr2Cl/c2-1(3)4/h1H","GATVIKZLVQHOMN-UHFFFAOYSA-N",20300,"DTXSID1020300","DSSTox_Low","DTXCID30300",1
100135.0,"127-18-4","ValidCAS","Tetrachloroethene","Ok","Tetrachloroethylene","tetrachloroethene","ClC(Cl)=C(Cl)Cl","4 STAR","4 STAR","ClC(Cl)=C(Cl)Cl","InChI=1S/C2Cl4/c3-1(4)2(5)6","CYTYCFOTNPOANT-UHFFFAOYSA-N",21319,"DTXSID2021319","DSSTox_Low","DTXCID601319",1
100136.0,"127-19-5","ValidCAS","Dimethylacetamide","Ok","N,N-Dimethylacetamide","N,N-dimethylacetamide","O=C(N(C)C)C","3 STAR: Molfile, Smiles, CAS","4 STAR: Name retrieved from DSSTOX","CC(=O)N(C)C","InChI=1S/C4H9NO/c1-4(6)5(2)3/h1-3H3","FXHOOIRPVKKKFG-UHFFFAOYSA-N",20499,"DTXSID5020499","DSSTox_Low","DTXCID90499",0
100137.0,"129-00-0","ValidCAS","Pyrene","Ok","Pyrene","pyrene","c1cc2cccc3ccc4cccc1c4c32","4 STAR","4 STAR","c1cc2cccc3ccc4cccc1c4c32","InChI=1S/C16H10/c1-3-11-7-9-13-5-2-6-14-10-8-12(4-1)15(11)16(13)14/h1-10H","BBEAQIROQSPTKN-UHFFFAOYSA-N",24289,"DTXSID3024289","DSSTox_Low","DTXCID804289",1
100138.0,"141-78-6","ValidCAS","Ethyl acetate","Ok","Ethyl acetate","ethyl acetate","CCOC(C)=O","4 STAR","4 STAR","CCOC(C)=O","InChI=1S/C4H8O2/c1-3-6-4(2)5/h3H2,1-2H3","XEKOWRVHYACXOJ-UHFFFAOYSA-N",22001,"DTXSID1022001","DSSTox_Low","DTXCID602001",1
100139.0,"142-68-7","ValidCAS","Tetrahydropyran","Warning: Structure is taken from ACD/Dictionary","Tetrahydropyran","Oxane","C1CCCCO1","4 STAR","4 STAR","C1CCCCO1","InChI=1S/C5H10O/c1-2-4-6-5-3-1/h1-5H2","DHXVGJBLRPWPCS-UHFFFAOYSA-N",59719,"DTXSID3059719","Public_High","DTXCID3034612",1
100140.0,"142-82-5","ValidCAS","Heptane","Ok","Heptane","heptane","CCCCCCC","4 STAR","4 STAR","CCCCCCC","InChI=1S/C7H16/c1-3-5-7-6-4-2/h3-7H2,1-2H3","IMNFDUFMRHMDMM-UHFFFAOYSA-N",24127,"DTXSID6024127","DSSTox_Low","DTXCID004127",0
100141.0,"142-84-7","ValidCAS","Dipropylamine","Ok","Dipropylamine","N-propylpropan-1-amine","CCCNCCC","4 STAR","4 STAR","CCCNCCC","InChI=1S/C6H15N/c1-3-5-7-6-4-2/h7H,3-6H2,1-2H3","WEHWNAOGRSTTBQ-UHFFFAOYSA-N",25185,"DTXSID2025185","DSSTox_Low","DTXCID105185",1
100142.0,"142-92-7","ValidCAS","Hexyl acetate","Ok","Hexyl acetate","hexyl acetate","CCCCCCOC(C)=O","4 STAR","4 STAR","CCCCCCOC(C)=O","InChI=1S/C8H16O2/c1-3-4-5-6-7-10-8(2)9/h3-7H2,1-2H3","AOGQPLXWSUTHQB-UHFFFAOYSA-N",22006,"DTXSID6022006","DSSTox_Low","DTXCID602006",1
100143.0,"142-96-1","ValidCAS","Dibutyl ether","Ok","Butyl ether","1-butoxybutane","CCCCOCCCC","4 STAR","4 STAR","CCCCOCCCC","InChI=1S/C8H18O/c1-3-5-7-9-8-6-4-2/h3-8H2,1-2H3","DURPTKYDGMDSBL-UHFFFAOYSA-N",22007,"DTXSID1022007","DSSTox_Low","DTXCID002007",1
100144.0,"156-59-2","ValidCAS","cis-1,2-Dichloroethene","Warning: Some stereodescriptors ignored","(Z)-1,2-Dichloroethylene","(Z)-1,2-dichloroethene","Cl/C=C\Cl","4 STAR Enhanced Stereochemistry","4 STAR Enhanced Stereochemistry","ClC=CCl","InChI=1S/C2H2Cl2/c3-1-2-4/h1-2H/b2-1+","KFUSEUYYWQURPO-OWOJBTEDSA-N",24030,"DTXSID2024030","DSSTox_Low","DTXCID304030",0
100145.0,"206-44-0","ValidCAS","Fluoranthene","Ok","Fluoranthene","fluoranthene","c1ccc2c3c(cccc31)-c1ccccc1-2","4 STAR","4 STAR","c1ccc2c3c(cccc31)-c1ccccc1-2","InChI=1S/C16H10/c1-2-8-13-12(7-1)14-9-3-5-11-6-4-10-15(13)16(11)14/h1-10H","GVEPBJHOBDJJJI-UHFFFAOYSA-N",24104,"DTXSID3024104","DSSTox_Low","DTXCID204104",1
100146.0,"309-00-2","ValidCAS","Aldrin","Warning: Structure is taken from ACD/Dictionary","Aldrin","C12H8Cl6","ClC1(Cl)[C@@]2(Cl)[C@@H]3[C@@H]4C[C@@H](C=C4)[C@@H]3[C@]1(Cl)C(Cl)=C2Cl |&1:3,5,6,8,11,12|","4 STAR Enhanced Stereochemistry","4 STAR Enhanced Stereochemistry","ClC1(Cl)C2(Cl)C3C4CC(C=C4)C3C1(Cl)C(Cl)=C2Cl","InChI=1S/C12H8Cl6/c13-8-9(14)11(16)7-5-2-1-4(3-5)6(7)10(8,15)12(11,17)18/h1-2,4-7H,3H2","QBYJBZPUGVGKQQ-UHFFFAOYSA-N",20040,"DTXSID8020040","DSSTox_High","DTXCID10819882",1
100150.0,"540-54-5","ValidCAS","1-Chloropropane","Ok","1-Chloropropane","1-chloropropane","CCCCl","4 STAR","4 STAR","CCCCl","InChI=1S/C3H7Cl/c1-2-3-4/h2-3H2,1H3","SNMVRZFUUCLYTO-UHFFFAOYSA-N",51462,"DTXSID3051462","DSSTox_High","DTXCID708459",1
100151.0,"541-73-1","ValidCAS","1,3-Dichlorobenzene","Ok","1,3-Dichlorobenzene","1,3-dichlorobenzene","Clc1cc(Cl)ccc1","4 STAR","4 STAR","Clc1cc(Cl)ccc1","InChI=1S/C6H4Cl2/c7-5-2-1-3-6(8)4-5/h1-4H","ZPQOPVIELGIULI-UHFFFAOYSA-N",22056,"DTXSID6022056","DSSTox_Low","DTXCID102056",0
100152.0,"563-80-4","ValidCAS","3-Methyl-2-butanone","Ok","3-Methyl-2-butanone","3-methylbutan-2-one","CC(C)C(C)=O","4 STAR","4 STAR","CC(C)C(C)=O","InChI=1S/C5H10O/c1-4(2)5(3)6/h4H,1-3H3","SYBYTAAJFKOIEJ-UHFFFAOYSA-N",22062,"DTXSID0022062","DSSTox_Low","DTXCID802062",1
100153.0,"591-78-6","ValidCAS","2-Hexanone","Ok","2-Hexanone","hexan-2-one","CCCCC(C)=O","4 STAR","4 STAR","CCCCC(C)=O","InChI=1S/C6H12O/c1-3-4-5-6(2)7/h3-5H2,1-2H3","QQZOPKMRPOGIEB-UHFFFAOYSA-N",22068,"DTXSID0022068","DSSTox_Low","DTXCID202068",1
100154.0,"592-41-6","ValidCAS","1-Hexene","Ok","1-Hexene","hex-1-ene","CCCCC=C","4 STAR","4 STAR","CCCCC=C","InChI=1S/C6H12/c1-3-5-6-4-2/h3H,1,4-6H2,2H3","LIKMAJRDDDTEIG-UHFFFAOYSA-N",25402,"DTXSID4025402","DSSTox_Low","DTXCID105402",1
100156.0,"608-93-5","ValidCAS","Pentachlorobenzene","Warning: Structure is taken from ACD/Dictionary","Pentachlorobenzene","1,2,3,4,5-pentachlorobenzene","Clc1c(Cl)c(Cl)cc(Cl)c1Cl","4 STAR","4 STAR","Clc1c(Cl)c(Cl)cc(Cl)c1Cl","InChI=1S/C6HCl5/c7-2-1-3(8)5(10)6(11)4(2)9/h1H","CEOCDNVZRAIOQZ-UHFFFAOYSA-N",24247,"DTXSID7024247","DSSTox_Low","DTXCID804247",0
100157.0,"628-55-7","ValidCAS","Di-isobutyl ether","Ok","Propane, 1,1'-oxybis[2-methyl-","2-methyl-1-(2-methylpropoxy)propane","CC(C)COCC(C)C","4 STAR","4 STAR","CC(C)COCC(C)C","InChI=1S/C8H18O/c1-7(2)5-9-6-8(3)4/h7-8H,5-6H2,1-4H3","SZNYYWIUQFZLLT-UHFFFAOYSA-N",60856,"DTXSID0060856","Public_High","DTXCID6043549",1
100158.0,"628-63-7","ValidCAS","Pentyl acetate","Warning: Structure 1 of 2","Pentyl acetate","pentyl acetate","CCCCCOC(C)=O","4 STAR","4 STAR","CCCCCOC(C)=O","InChI=1S/C7H14O2/c1-3-4-5-6-9-7(2)8/h3-6H2,1-2H3","PGMYKACGEOXYJE-UHFFFAOYSA-N",27263,"DTXSID1027263","DSSTox_Low","DTXCID107263",1
100159.0,"628-73-9","ValidCAS","Hexanonitrile","Ok","Hexanenitrile","Hexanenitrile","CCCCCC#N","4 STAR","4 STAR","CCCCCC#N","InChI=1S/C6H11N/c1-2-3-4-5-6-7/h2-5H2,1H3","AILKHAQXUAOOFU-UHFFFAOYSA-N",60858,"DTXSID0060858","Public_High","DTXCID0043551",1
100160.0,"629-96-9","ValidCAS","1-Eicosanol","Ok","1-Eicosanol","icosan-1-ol","CCCCCCCCCCCCCCCCCCCCO","4 STAR","4 STAR","CCCCCCCCCCCCCCCCCCCCO","InChI=1S/C20H42O/c1-2-3-4-5-6-7-8-9-10-11-12-13-14-15-16-17-18-19-20-21/h21H,2-20H2,1H3","BTFJIXJJCSYFAL-UHFFFAOYSA-N",27272,"DTXSID0027272","DSSTox_Low","DTXCID007272",0
100161.0,"634-66-2","ValidCAS","1,2,3,4-Tetrachlorobenzene","Ok","1,2,3,4-Tetrachlorobenzene","1,2,3,4-tetrachlorobenzene","Clc1ccc(Cl)c(Cl)c1Cl","4 STAR","4 STAR","Clc1ccc(Cl)c(Cl)c1Cl","InChI=1S/C6H2Cl4/c7-3-1-2-4(8)6(10)5(3)9/h1-2H","GBDZXPJXOMHESU-UHFFFAOYSA-N",26088,"DTXSID6026088","DSSTox_Low","DTXCID206088",1
100162.0,"634-90-2","ValidCAS","1,2,3,5-Tetrachlorobenzene","Ok","1,2,3,5-Tetrachlorobenzene","1,2,3,5-tetrachlorobenzene","Clc1cc(Cl)c(Cl)c(Cl)c1","4 STAR","4 STAR","Clc1cc(Cl)c(Cl)c(Cl)c1","InChI=1S/C6H2Cl4/c7-3-1-4(8)6(10)5(9)2-3/h1-2H","QZYNWJQFTJXIRN-UHFFFAOYSA-N",26089,"DTXSID1026089","DSSTox_Low","DTXCID606089",1
100163.0,"693-65-2","ValidCAS","Dipentyl ether","Ok","Pentyl ether","dipentyl ether","CCCCCOCCCCC","4 STAR","4 STAR","CCCCCOCCCCC","InChI=1S/C10H22O/c1-3-5-7-9-11-10-8-6-4-2/h3-10H2,1-2H3","AOPDRZXCEAKHHW-UHFFFAOYSA-N",22105,"DTXSID4022105","DSSTox_Low","DTXCID402105",1
100164.0,"789-02-6","ValidCAS","o,p'-DDT","Warning: Structure is taken from ACD/Dictionary","o,p'-DDT","1-chloro-2-[2,2,2-trichloro-1-(4-chlorophenyl)ethyl]benzene","Clc1ccc(cc1)C(c1ccccc1Cl)C(Cl)(Cl)Cl","4 STAR","4 STAR","Clc1ccc(cc1)C(c1ccccc1Cl)C(Cl)(Cl)Cl","InChI=1S/C14H9Cl5/c15-10-7-5-9(6-8-10)13(14(17,18)19)11-3-1-2-4-12(11)16/h1-8,13H","CVUGPAFCQJIYDT-UHFFFAOYSA-N",22345,"DTXSID6022345","DSSTox_Low","DTXCID002345",0
100165.0,"959-98-8","ValidCAS","Endosulfan 1","Warning: Structure is taken from ACD/Dictionary","Endosulfan I","(5aR,9R,9aS)-6,7,8,9,10,10-hexachloro-1,5,5a,6,9,9a-hexahydro-6,9-methano-2,4,3-benzodioxathiepine 3-oxide","O=S1OC[C@@H]2[C@H](CO1)[C@]1(Cl)C(Cl)=C(Cl)[C@@]2(Cl)C1(Cl)Cl","4 STAR Enhanced Stereochemistry","4 STAR Enhanced Stereochemistry","O=S1OCC2C(CO1)C1(Cl)C(Cl)=C(Cl)C2(Cl)C1(Cl)Cl","InChI=1S/C9H6Cl6O3S/c10-5-6(11)8(13)4-2-18-19(16)17-1-3(4)7(5,12)9(8,14)15/h3-4H,1-2H2","RDYMFSUJUZBWLH-UHFFFAOYSA-N",37539,"DTXSID9037539","DSSTox_High","DTXCID7017539",1
100166.0,"1634-04-4","ValidCAS","Methyl t-butyl ether","Ok","Methyl tert-butyl ether","tert-butyl methyl ether","COC(C)(C)C","4 STAR","4 STAR","COC(C)(C)C","InChI=1S/C5H12O/c1-5(2,3)6-4/h1-4H3","BZLVMXJERCGZMT-UHFFFAOYSA-N",20833,"DTXSID3020833","DSSTox_Low","DTXCID30833",1
100167.0,"1746-01-6","ValidCAS","2,3,7,8-TeCDD",,"2,3,7,8-Tetrachlorodibenzo-p-dioxin","2,3,7,8-tetrachlorooxanthrene","Clc3cc2Oc1cc(Cl)c(Cl)cc1Oc2cc3Cl","3 STAR: Molfile, Smiles, CAS","4 STAR: Name retrieved from DSSTOX","Clc1cc2Oc3cc(Cl)c(Cl)cc3Oc2cc1Cl","InChI=1S/C12H4Cl4O2/c13-5-1-9-10(2-6(5)14)18-12-4-8(16)7(15)3-11(12)17-9/h1-4H","HGUFODBRKLSHSI-UHFFFAOYSA-N",21315,"DTXSID2021315","DSSTox_Low","DTXCID001315",1
100168.0,"1825-30-5","ValidCAS","1,5-Dichloronaphthalene","Ok","Naphthalene, 1,5-dichloro-","1,5-DICHLORONAPHTHALENE","Clc1cccc2c1cccc2Cl","4 STAR","4 STAR","Clc1cccc2c1cccc2Cl","InChI=1S/C10H6Cl2/c11-9-5-1-3-7-8(9)4-2-6-10(7)12/h1-6H","ZBQZXTBAGBTUAD-UHFFFAOYSA-N",61998,"DTXSID1061998","Public_High","DTXCID2035801",0
100169.0,"1825-31-6","ValidCAS","1,4-Dichloronaphthalene","Ok","Naphthalene, 1,4-dichloro-","1,4-DICHLORONAPHTHALENE","Clc1ccc(Cl)c2ccccc12","4 STAR","4 STAR","Clc1ccc(Cl)c2ccccc12","InChI=1S/C10H6Cl2/c11-9-5-6-10(12)8-4-2-1-3-7(8)9/h1-6H","JDPKCYMVSKDOGS-UHFFFAOYSA-N",61999,"DTXSID6061999","Public_High","DTXCID7035802",1
100170.0,"2050-47-7","ValidCAS","4,4'-Dibromodiphenyl ether","Warning: Structure is taken from ACD/Dictionary","4,4'-Dibromodiphenyl ether","bis(4-bromophenyl) ether","Brc1ccc(cc1)Oc1ccc(Br)cc1","4 STAR","4 STAR","Brc1ccc(cc1)Oc1ccc(Br)cc1","InChI=1S/C12H8Br2O/c13-9-1-5-11(6-2-9)15-12-7-3-10(14)4-8-12/h1-8H","YAWIAFUBXXPJMQ-UHFFFAOYSA-N",24015,"DTXSID9024015","DSSTox_Low","DTXCID704015",1
100171.0,"2050-68-2","ValidCAS","4,4'-Dichlorobiphenyl","Ok","4,4'-Dichlorobiphenyl","4,4'-dichlorobiphenyl","Clc1ccc(cc1)-c1ccc(Cl)cc1","4 STAR","4 STAR","Clc1ccc(cc1)-c1ccc(Cl)cc1","InChI=1S/C12H8Cl2/c13-11-5-1-9(2-6-11)10-3-7-12(14)8-4-10/h1-8H","YTBRNEUEFCNVHC-UHFFFAOYSA-N",22515,"DTXSID0022515","DSSTox_High","DTXCID502515",1
100172.0,"2050-69-3","ValidCAS","1,2-Dichloronaphthalene","Ok","Naphthalene, 1,2-dichloro-","1,2-DICHLORONAPHTHALENE","Clc1ccc2ccccc2c1Cl","4 STAR","4 STAR","Clc1ccc2ccccc2c1Cl","InChI=1S/C10H6Cl2/c11-9-6-5-7-3-1-2-4-8(7)10(9)12/h1-6H","MOXLHAPKZWTHEX-UHFFFAOYSA-N",62136,"DTXSID5062136","Public_High","DTXCID8036316",0
100173.0,"2051-61-8","ValidCAS","3-Chlorobiphenyl","Ok","3-Chlorobiphenyl","3-chlorobiphenyl","Clc1cc(ccc1)-c1ccccc1","4 STAR","4 STAR","Clc1cc(ccc1)-c1ccccc1","InChI=1S/C12H9Cl/c13-12-8-4-7-11(9-12)10-5-2-1-3-6-10/h1-9H","NMWSKOLWZZWHPL-UHFFFAOYSA-N",40299,"DTXSID1040299","DSSTox_Low","DTXCID9020299",1
100174.0,"2051-62-9","ValidCAS","4-Chlorobiphenyl","Ok","4-Chlorobiphenyl","4-chlorobiphenyl","Clc1ccc(cc1)-c1ccccc1","4 STAR","4 STAR","Clc1ccc(cc1)-c1ccccc1","InChI=1S/C12H9Cl/c13-12-8-6-11(7-9-12)10-4-2-1-3-5-10/h1-9H","FPWNLURCHDRMHC-UHFFFAOYSA-N",40300,"DTXSID3040300","DSSTox_High","DTXCID1020300",1
100175.0,"2198-77-8","ValidCAS","2,7-Dichloronaphthalene","Ok","Naphthalene, 2,7-dichloro-","2,7-DICHLORONAPHTHALENE","Clc1cc2cc(Cl)ccc2cc1","4 STAR","4 STAR","Clc1cc2cc(Cl)ccc2cc1","InChI=1S/C10H6Cl2/c11-9-3-1-7-2-4-10(12)6-8(7)5-9/h1-6H","DWBQZSYTSNYEEJ-UHFFFAOYSA-N",62247,"DTXSID7062247","Public_High","DTXCID2036584",1
100176.0,"2234-13-1","ValidCAS","Octachloronaphthalene","Ok","Octachloronaphthalene","octachloronaphthalene","Clc1c2c(c(Cl)c(Cl)c1Cl)c(Cl)c(Cl)c(Cl)c2Cl","4 STAR","4 STAR","Clc1c2c(c(Cl)c(Cl)c1Cl)c(Cl)c(Cl)c(Cl)c2Cl","InChI=1S/C10Cl8/c11-3-1-2(5(13)9(17)7(3)15)6(14)10(18)8(16)4(1)12","RTNLUFLDZOAXIC-UHFFFAOYSA-N",25800,"DTXSID6025800","DSSTox_Low","DTXCID105800",0
100177.0,"3268-87-9","ValidCAS","OCDD","Warning: Structure is taken from ACD/Dictionary","Octachlorodibenzo-p-dioxin","octachlorooxanthrene","Clc1c2Oc3c(Oc2c(Cl)c(Cl)c1Cl)c(Cl)c(Cl)c(Cl)c3Cl","4 STAR","4 STAR","Clc1c2Oc3c(Oc2c(Cl)c(Cl)c1Cl)c(Cl)c(Cl)c(Cl)c3Cl","InChI=1S/C12Cl8O2/c13-1-2(14)6(18)10-9(5(1)17)21-11-7(19)3(15)4(16)8(20)12(11)22-10","FOIBFBMSLDGNHL-UHFFFAOYSA-N",25799,"DTXSID4025799","DSSTox_Low","DTXCID205799",1
100178.0,"5103-71-9, 5103-74-2","ValidCAS","cis-Chlordane, trans-Chlordane","Warning: Structure is taken from ACD/Dictionary","cis-Chlordane","C10H6Cl8","ClC1(Cl)C2(Cl)[C@@H]3C[C@@H](Cl)[C@@H](Cl)[C@@H]3C1(Cl)C(Cl)=C2Cl |&1:5,7,9,11|","4 STAR Enhanced Stereochemistry","4 STAR Enhanced Stereochemistry","ClC1(Cl)C2(Cl)C3CC(Cl)C(Cl)C3C1(Cl)C(Cl)=C2Cl","InChI=1S/C10H6Cl8/c11-3-1-2-4(5(3)12)9(16)7(14)6(13)8(2,15)10(9,17)18/h2-5H,1H2","BIWJNBZANLAXMG-UHFFFAOYSA-N",38326,"DTXSID6038326","DSSTox_High","DTXCID90809620",1
100179.0,"5103-73-1, 39765-80-5","ValidCAS","cis-Nonachlor, trans-Nonachlor","Warning: Structure is taken from ACD/Dictionary","Nonachlor","C10H5Cl9","ClC12C(Cl)(Cl)C(C(C(Cl)C3Cl)C2C3Cl)(Cl)C(Cl)=C1Cl","3 STAR: Molfile, Smiles, Name, CAS not in DSSTox","4 STAR: CAS retrieved from DSSTOX: 3734-49-4","ClC1(Cl)C2(Cl)C3C(C(Cl)C(Cl)C3Cl)C1(Cl)C(Cl)=C2Cl","InChI=1S/C10H5Cl9/c11-3-1-2(4(12)5(3)13)9(17)7(15)6(14)8(1,16)10(9,18)19/h1-5H","OCHOKXCPKDPNQU-UHFFFAOYSA-N",42214,"DTXSID8042214","DSSTox_Low","DTXCID6022214",1
100182.0,"5436-43-1","ValidCAS","2,2',4,4'-Tetrabromo DPE",,"2,2'4,4'-Tetrabromodiphenyl ether","bis(2,4-dibromophenyl) ether","BrC1=CC(Br)=CC=C1OC2=CC=C(C=C2Br)Br","3 STAR: Molfile, Smiles, CAS","4 STAR: Name retrieved from DSSTOX","Brc1cc(Br)c(cc1)Oc1ccc(Br)cc1Br","InChI=1S/C12H6Br4O/c13-7-1-3-11(9(15)5-7)17-12-4-2-8(14)6-10(12)16/h1-6H","XYBSIYMGXVUVGY-UHFFFAOYSA-N",30056,"DTXSID3030056","DSSTox_Low","DTXCID1010056",0
100183.0,"13029-08-8","ValidCAS","2,2'-Dichlorobiphenyl","Ok","2,2'-Dichlorobiphenyl","2,2'-dichlorobiphenyl","Clc1ccccc1-c1ccccc1Cl","4 STAR","4 STAR","Clc1ccccc1-c1ccccc1Cl","InChI=1S/C12H8Cl2/c13-11-7-3-1-5-9(11)10-6-2-4-8-12(10)14/h1-8H","JAYCNKDKIKZTAF-UHFFFAOYSA-N",44533,"DTXSID4044533","DSSTox_Low","DTXCID2024533",1
100184.0,"15862-07-4","ValidCAS","2,4,5-PCB","Warning: Structure is taken from ACD/Dictionary","2,4,5-Trichlorobiphenyl","1,2,4-trichloro-5-phenylbenzene","Clc1cc(-c2ccccc2)c(Cl)cc1Cl","4 STAR","4 STAR","Clc1cc(-c2ccccc2)c(Cl)cc1Cl","InChI=1S/C12H7Cl3/c13-10-7-12(15)11(14)6-9(10)8-4-2-1-3-5-8/h1-7H","VGVIKVCCUATMNG-UHFFFAOYSA-N",73405,"DTXSID0073405","Public_High","DTXCID6035100",1
100185.0,"16606-02-3","ValidCAS","2,4',5-PCB","Warning: Structure is taken from ACD/Dictionary","2,4',5-Trichlorobiphenyl","1,4-dichloro-2-(4-chlorophenyl)benzene","Clc1ccc(Cl)cc1-c1ccc(Cl)cc1","4 STAR","4 STAR","Clc1ccc(Cl)cc1-c1ccc(Cl)cc1","InChI=1S/C12H7Cl3/c13-9-3-1-8(2-4-9)11-7-10(14)5-6-12(11)15/h1-7H","VAHKBZSAUKPEOV-UHFFFAOYSA-N",73410,"DTXSID9073410","Public_High","DTXCID9035333",1
100186.0,"19408-74-3","ValidCAS","1,2,3,7,8,9-HxCDD",,"Hexachlorodibenzo-p-dioxin","1,2,3,7,8,9-hexachlorooxanthrene","ClC(C1=C3OC2=C(C(Cl)=C(C(Cl)=C2)Cl)O1)=C(C(Cl)=C3)Cl","3 STAR: Molfile, Smiles, CAS","4 STAR: Name retrieved from DSSTOX","Clc1cc2Oc3cc(Cl)c(Cl)c(Cl)c3Oc2c(Cl)c1Cl","InChI=1S/C12H2Cl6O2/c13-3-1-5-11(9(17)7(3)15)20-12-6(19-5)2-4(14)8(16)10(12)18/h1-2H","LGIRBUBHIWTVCK-UHFFFAOYSA-N",23781,"DTXSID6023781","DSSTox_Low","DTXCID10677",0
100187.0,"20020-02-4","ValidCAS","1,2,3,4-Tetrachloronaphthalene","Ok","1,2,3,4-Tetrachloronaphthalene","1,2,3,4-tetrachloronaphthalene","Clc1c2ccccc2c(Cl)c(Cl)c1Cl","4 STAR","4 STAR","Clc1c2ccccc2c(Cl)c(Cl)c1Cl","InChI=1S/C10H4Cl4/c11-7-5-3-1-2-4-6(5)8(12)10(14)9(7)13/h1-4H","NAQWICRLNQSPPW-UHFFFAOYSA-N",26095,"DTXSID5026095","DSSTox_Low","DTXCID306095",1
100188.0,"27304-13-8","ValidCAS","Oxychlordane","Warning: Structure is taken from ACD/Dictionary","(+/-)-Oxychlordane","C10H4Cl8O","ClC1(Cl)[C@@]2(Cl)[C@H]3[C@H]([C@@H]4O[C@]4(Cl)[C@@H]3Cl)[C@]1(Cl)C(Cl)=C2Cl |o1:3,5,6,7,9,13,&1:11|","4 STAR Enhanced Stereochemistry","4 STAR Enhanced Stereochemistry","ClC1(Cl)C2(Cl)C3C(C4OC4(Cl)C3Cl)C1(Cl)C(Cl)=C2Cl","InChI=1S/C10H4Cl8O/c11-3-1-2(6-9(3,16)19-6)8(15)5(13)4(12)7(1,14)10(8,17)18/h1-3,6H","VWGNQYSIWFHEQU-UHFFFAOYSA-N",44166,"DTXSID9044166","DSSTox_High","DTXCID70809623",1
100189.0,"29446-15-9","ValidCAS","2,3-DCDD",,"2,3-Dichlorodibenzo-4-dioxin","2,3-dichlorooxanthrene","c1ccc2Oc3cc(Cl)c(Cl)cc3Oc2c1","3 STAR: Molfile, Smiles, CAS","4 STAR: Name retrieved from DSSTOX","Clc1cc2Oc3ccccc3Oc2cc1Cl","InChI=1S/C12H6Cl2O2/c13-7-5-11-12(6-8(7)14)16-10-4-2-1-3-9(10)15-11/h1-6H","YCIYTXRUZSDMRZ-UHFFFAOYSA-N",183650,"DTXSID50183650","Public_Medium","DTXCID90106141",1
100190.0,"30746-58-8","ValidCAS","1,2,3,4-TeCDD",,"1,2,3,4-Tetrachlorodibenzo-p-dioxin","1,2,3,4-tetrachlorooxanthrene","Clc1c(Cl)c(Cl)c2Oc3ccccc3Oc2c1Cl","3 STAR: Molfile, Smiles, CAS","4 STAR: Name retrieved from DSSTOX","Clc1c2Oc3ccccc3Oc2c(Cl)c(Cl)c1Cl","InChI=1S/C12H4Cl4O2/c13-7-8(14)10(16)12-11(9(7)15)17-5-3-1-2-4-6(5)18-12/h1-4H","DJHHDLMTUOLVHY-UHFFFAOYSA-N",74030,"DTXSID7074030","Public_High","DTXCID5038252",0
100191.0,"31508-00-6","ValidCAS","2,4,5,3',4'-PCB",,"2,3',4,4',5-Pentachlorobiphenyl","2,3',4,4',5-pentachlorobiphenyl","Clc1ccc(cc1Cl)c2cc(Cl)c(Cl)cc2Cl","3 STAR: Molfile, Smiles, CAS","4 STAR: Name retrieved from DSSTOX","Clc1ccc(cc1Cl)-c1cc(Cl)c(Cl)cc1Cl","InChI=1S/C12H5Cl5/c13-8-2-1-6(3-10(8)15)7-4-11(16)12(17)5-9(7)14/h1-5H","IUTPYMGCWINGEY-UHFFFAOYSA-N",32116,"DTXSID4032116","DSSTox_Low","DTXCID2012116",1
100192.0,"31604-28-1","ValidCAS","1,3,5,8-Tetrachloronaphthalene","Ok","Naphthalene, 1,3,5,8-tetrachloro-","1,3,5,8-Tetrachloronaphthalene","Clc1cc2c(c(Cl)c1)c(Cl)ccc2Cl","4 STAR","4 STAR","Clc1cc2c(c(Cl)c1)c(Cl)ccc2Cl","InChI=1S/C10H4Cl4/c11-5-3-6-7(12)1-2-8(13)10(6)9(14)4-5/h1-4H","VFTLNRFRXWCJJK-UHFFFAOYSA-N",185493,"DTXSID10185493","Public_Medium","DTXCID20107984",1
100193.0,"32598-10-0","ValidCAS","2,4,3',4'-PCB",,"2,3',4,4'-Tetrachlorobiphenyl","1,2-dichloro-4-(2,4-dichlorophenyl)benzene","Clc1ccc(c(Cl)c1)c2ccc(Cl)c(Cl)c2","3 STAR: Molfile, Smiles, CAS","4 STAR: Name retrieved from DSSTOX","Clc1cc(Cl)c(cc1)-c1cc(Cl)c(Cl)cc1","InChI=1S/C12H6Cl4/c13-8-2-3-9(11(15)6-8)7-1-4-10(14)12(16)5-7/h1-6H","RKLLTEAEZIJBAU-UHFFFAOYSA-N",73472,"DTXSID3073472","Public_High","DTXCID1038537",1
100194.0,"32598-13-3","ValidCAS","3,3',4,4'-PCB","Warning: Structure is taken from ACD/Dictionary","3,3',4,4'-Tetrachlorobinphenyl","3,3',4,4'-tetrachlorobiphenyl","Clc1ccc(cc1Cl)-c1cc(Cl)c(Cl)cc1","4 STAR","4 STAR","Clc1ccc(cc1Cl)-c1cc(Cl)c(Cl)cc1","InChI=1S/C12H6Cl4/c13-9-3-1-7(5-11(9)15)8-2-4-10(14)12(16)6-8/h1-6H","UQMGJOKDKOLIDP-UHFFFAOYSA-N",22514,"DTXSID5022514","DSSTox_Low","DTXCID102514",0
100195.0,"32598-14-4","ValidCAS","2,3,3',4,4'-PCB","Warning: Structure is taken from ACD/Dictionary","2,3,3',4,4'-Pentachlorobiphenyl","2,3,3',4,4'-pentachlorobiphenyl","Clc1c(Cl)c(ccc1Cl)-c1cc(Cl)c(Cl)cc1","4 STAR","4 STAR","Clc1c(Cl)c(ccc1Cl)-c1cc(Cl)c(Cl)cc1","InChI=1S/C12H5Cl5/c13-8-3-1-6(5-10(8)15)7-2-4-9(14)12(17)11(7)16/h1-5H","WIDHRBRBACOVOY-UHFFFAOYSA-N",38306,"DTXSID8038306","DSSTox_Low","DTXCID6018306",1
100196.0,"33284-53-6","ValidCAS","2,3,4,5-PCB","Warning: Structure is taken from ACD/Dictionary","2,3,4,5-Tetrachlorobiphenyl","1,2,3,4-tetrachloro-5-phenylbenzene","Clc1cc(-c2ccccc2)c(Cl)c(Cl)c1Cl","4 STAR","4 STAR","Clc1cc(-c2ccccc2)c(Cl)c(Cl)c1Cl","InChI=1S/C12H6Cl4/c13-9-6-8(7-4-2-1-3-5-7)10(14)12(16)11(9)15/h1-6H","HLQDGCWIOSOMDP-UHFFFAOYSA-N",74135,"DTXSID5074135","Public_High","DTXCID1038664",1
100199.0,"33857-28-2","ValidCAS","2,3,7-TriCDD",,"2,3,7-Trichlorodibenzo-p-dioxin","2,3,7-trichlorooxanthrene","ClC2=CC1=C(C=C2Cl)OC(C=C(Cl)C=C3)=C3O1","3 STAR: Molfile, Smiles, CAS","4 STAR: Name retrieved from DSSTOX","Clc1cc2Oc3cc(Cl)c(Cl)cc3Oc2cc1","InChI=1S/C12H5Cl3O2/c13-6-1-2-9-10(3-6)17-12-5-8(15)7(14)4-11(12)16-9/h1-5H","ZSIZNEVHVVRPFF-UHFFFAOYSA-N",74878,"DTXSID7074878","Public_High","DTXCID5038757",1
100200.0,"33979-03-2","ValidCAS","2,2',4,4',6,6'-PCB","Warning: Structure is taken from ACD/Dictionary","2,2',4,4',6,6'-Hexachlorobiphenyl","2,2',4,4',6,6'-hexachlorobiphenyl","Clc1cc(Cl)c(-c2c(Cl)cc(Cl)cc2Cl)c(Cl)c1","4 STAR","4 STAR","Clc1cc(Cl)c(-c2c(Cl)cc(Cl)cc2Cl)c(Cl)c1","InChI=1S/C12H4Cl6/c13-5-1-7(15)11(8(16)2-5)12-9(17)3-6(14)4-10(12)18/h1-4H","ICOAEPDGFWLUTI-UHFFFAOYSA-N",40302,"DTXSID3040302","DSSTox_Low","DTXCID1020302",0
100201.0,"34883-43-7","ValidCAS","2,4'-Dichlorobiphenyl","Ok","2,4'-Dichlorobiphenyl","2,4'-dichlorobiphenyl","Clc1ccc(cc1)-c1ccccc1Cl","4 STAR","4 STAR","Clc1ccc(cc1)-c1ccccc1Cl","InChI=1S/C12H8Cl2/c13-10-7-5-9(6-8-10)11-3-1-2-4-12(11)14/h1-8H","UFNIBRDIUNVOMX-UHFFFAOYSA-N",22511,"DTXSID0022511","DSSTox_Low","DTXCID902511",1
100202.0,"35065-27-1","ValidCAS","2,2',4,4',5,5'-PCB","Warning: Structure is taken from ACD/Dictionary","2,2',4,4',5,5'-Hexachlorobiphenyl","2,2',4,4',5,5'-hexachlorobiphenyl","Clc1cc(Cl)c(Cl)cc1-c1cc(Cl)c(Cl)cc1Cl","4 STAR","4 STAR","Clc1cc(Cl)c(Cl)cc1-c1cc(Cl)c(Cl)cc1Cl","InChI=1S/C12H4Cl6/c13-7-3-11(17)9(15)1-5(7)6-2-10(16)12(18)4-8(6)14/h1-4H","MVWHGTYKUMDIHL-UHFFFAOYSA-N",32180,"DTXSID2032180","DSSTox_Low","DTXCID0012180",1
100203.0,"35065-28-2","ValidCAS","2,3,4,2',4',5'-PCB",,"2,2',3,4,4',5'-Hexachlorobiphenyl","2,2',3,4,4',5'-hexachlorobiphenyl","Clc1cc(Cl)c(cc1Cl)c2ccc(Cl)c(Cl)c2Cl","3 STAR: Molfile, Smiles, CAS","4 STAR: Name retrieved from DSSTOX","Clc1ccc(-c2cc(Cl)c(Cl)cc2Cl)c(Cl)c1Cl","InChI=1S/C12H4Cl6/c13-7-2-1-5(11(17)12(7)18)6-3-9(15)10(16)4-8(6)14/h1-4H","RPUMZMSNLZHIGZ-UHFFFAOYSA-N",38300,"DTXSID8038300","DSSTox_Low","DTXCID6018300",1
100204.0,"35065-29-3","ValidCAS","2,2',3,4,4',5,5'-PCB","Warning: Structure is taken from ACD/Dictionary","2,2',3,4,4',5,5'-Heptachlorobiphenyl","2,2',3,4,4',5,5'-heptachlorobiphenyl","Clc1cc(Cl)c(Cl)cc1-c1cc(Cl)c(Cl)c(Cl)c1Cl","4 STAR","4 STAR","Clc1cc(Cl)c(Cl)cc1-c1cc(Cl)c(Cl)c(Cl)c1Cl","InChI=1S/C12H3Cl7/c13-6-3-8(15)7(14)1-4(6)5-2-9(16)11(18)12(19)10(5)17/h1-3H","WBHQEUPUMONIKF-UHFFFAOYSA-N",38299,"DTXSID6038299","DSSTox_Low","DTXCID4018299",0
100205.0,"35693-99-3","ValidCAS","2,2',5,5'-PCB","Warning: Structure is taken from ACD/Dictionary","2,2',5,5'-Tetrachlorobiphenyl","2,2',5,5'-tetrachlorobiphenyl","Clc1cc(-c2cc(Cl)ccc2Cl)c(Cl)cc1","4 STAR","4 STAR","Clc1cc(-c2cc(Cl)ccc2Cl)c(Cl)cc1","InChI=1S/C12H6Cl4/c13-7-1-3-11(15)9(5-7)10-6-8(14)2-4-12(10)16/h1-6H","HCWZEPKLWVAEOV-UHFFFAOYSA-N",38305,"DTXSID3038305","DSSTox_Low","DTXCID1018305",1
100206.0,"35822-46-9","ValidCAS","1,2,3,4,6,7,8-HpCDD",,"1,2,3,4,6,7,8-Heptachlorodibenzodioxin","1,2,3,4,6,7,8-heptachlorooxanthrene","Clc1c(Cl)c(Cl)c2Oc3cc(Cl)c(Cl)c(Cl)c3Oc2c1Cl","3 STAR: Molfile, Smiles, CAS","4 STAR: Name retrieved from DSSTOX","Clc1cc2Oc3c(Oc2c(Cl)c1Cl)c(Cl)c(Cl)c(Cl)c3Cl","InChI=1S/C12HCl7O2/c13-2-1-3-10(7(17)4(2)14)21-12-9(19)6(16)5(15)8(18)11(12)20-3/h1H","WCLNVRQZUKYVAI-UHFFFAOYSA-N",52034,"DTXSID1052034","DSSTox_High","DTXCID5032442",1
100207.0,"36563-47-0","ValidCAS","2-Bromodiphenyl ether","Warning: Structure is taken from ACD/Dictionary","Benzene, bromophenoxy-","1-bromo-2-(phenoxy)benzene","Brc1ccccc1Oc1ccccc1","4 STAR","4 STAR","Brc1ccccc1Oc1ccccc1","InChI=1S/C12H9BrO/c13-11-8-4-5-9-12(11)14-10-6-2-1-3-7-10/h1-9H","RRWFUWRLNIZICP-UHFFFAOYSA-N",73486,"DTXSID7073486","Public_High","DTXCID0039196",1
100208.0,"36653-82-4","ValidCAS","1-Hexadecanol","Ok","1-Hexadecanol","hexadecan-1-ol","CCCCCCCCCCCCCCCCO","4 STAR","4 STAR","CCCCCCCCCCCCCCCCO","InChI=1S/C16H34O/c1-2-3-4-5-6-7-8-9-10-11-12-13-14-15-16-17/h17H,2-16H2,1H3","BXWNKGSJHAJOGX-UHFFFAOYSA-N",27991,"DTXSID4027991","DSSTox_High","DTXCID607991",0
100209.0,"37680-65-2","ValidCAS","2,2',5-PCB","Warning: Structure is taken from ACD/Dictionary","2,2',5-Trichlorobiphenyl","1,4-dichloro-2-(2-chlorophenyl)benzene","Clc1cc(-c2ccccc2Cl)c(Cl)cc1","4 STAR","4 STAR","Clc1cc(-c2ccccc2Cl)c(Cl)cc1","InChI=1S/C12H7Cl3/c13-8-5-6-12(15)10(7-8)9-3-1-2-4-11(9)14/h1-7H","DCMURXAZTZQAFB-UHFFFAOYSA-N",73491,"DTXSID6073491","Public_High","DTXCID7039383",1
100210.0,"37680-73-2","ValidCAS","2,2',4,5,5'-PCB","Warning: Structure is taken from ACD/Dictionary","2,2,4,5,5'-Pentochlorobiphenyl","2,2',4,5,5'-pentachlorobiphenyl","Clc1cc(-c2cc(Cl)c(Cl)cc2Cl)c(Cl)cc1","4 STAR","4 STAR","Clc1cc(-c2cc(Cl)c(Cl)cc2Cl)c(Cl)cc1","InChI=1S/C12H5Cl5/c13-6-1-2-9(14)7(3-6)8-4-11(16)12(17)5-10(8)15/h1-5H","LAHWLEDBADHJGA-UHFFFAOYSA-N",38304,"DTXSID8038304","DSSTox_Low","DTXCID6018304",1
100211.0,"38379-99-6","ValidCAS","2,3,6,2',5'-PCB",,"2,2',3,5',6-Pentachlorobiphenyl","2,2',3,5',6-pentachlorobiphenyl","Clc1ccc(Cl)c(c1)c2c(Cl)ccc(Cl)c2Cl","3 STAR: Molfile, Smiles, CAS","4 STAR: Name retrieved from DSSTOX","Clc1cc(-c2c(Cl)c(Cl)ccc2Cl)c(Cl)cc1","InChI=1S/C12H5Cl5/c13-6-1-2-8(14)7(5-6)11-9(15)3-4-10(16)12(11)17/h1-5H","GXNNLIMMEXHBKV-UHFFFAOYSA-N",38301,"DTXSID3038301","DSSTox_Low","DTXCID1018301",1
100212.0,"38380-03-9","ValidCAS","2,3,3',4',6-PCB","Warning: Structure is taken from ACD/Dictionary","2,3,3',4',6-Pentachlorobiphenyl","2,3,3',4',6-pentachlorobiphenyl","Clc1c(-c2cc(Cl)c(Cl)cc2)c(Cl)ccc1Cl","4 STAR","4 STAR","Clc1c(-c2cc(Cl)c(Cl)cc2)c(Cl)ccc1Cl","InChI=1S/C12H5Cl5/c13-7-2-1-6(5-10(7)16)11-8(14)3-4-9(15)12(11)17/h1-5H","ARXHIJMGSIYYRZ-UHFFFAOYSA-N",38307,"DTXSID3038307","DSSTox_Low","DTXCID1018307",0
100213.0,"38380-04-0","ValidCAS","2,2',3,4',5',6-PCB","Warning: Structure is taken from ACD/Dictionary","2,2',3,4',5',6-Hexachlorobiphenyl","1,2,4-trichloro-5-(2,3,6-trichlorophenyl)benzene","Clc1ccc(Cl)c(-c2cc(Cl)c(Cl)cc2Cl)c1Cl","4 STAR","4 STAR","Clc1ccc(Cl)c(-c2cc(Cl)c(Cl)cc2Cl)c1Cl","InChI=1S/C12H4Cl6/c13-6-1-2-7(14)12(18)11(6)5-3-9(16)10(17)4-8(5)15/h1-4H","LKHLFUVHHXCNJH-UHFFFAOYSA-N",73498,"DTXSID1073498","Public_High","DTXCID0039485",1
100214.0,"38444-77-8","ValidCAS","2,4',6-PCB","Warning: Structure is taken from ACD/Dictionary","2,4',6-Trichlorobiphenyl","1,3-dichloro-2-(4-chlorophenyl)benzene","Clc1ccc(cc1)-c1c(Cl)cccc1Cl","4 STAR","4 STAR","Clc1ccc(cc1)-c1c(Cl)cccc1Cl","InChI=1S/C12H7Cl3/c13-9-6-4-8(5-7-9)12-10(14)2-1-3-11(12)15/h1-7H","IHIDFKLAWYPTKB-UHFFFAOYSA-N",73500,"DTXSID8073500","Public_High","DTXCID6039504",1
100215.0,"39001-02-0","ValidCAS","OCDF",,"Octachlorodibenzofuran","1,2,3,4,6,7,8,9-octachlorodibenzo[b,d]furan","Clc3c(Cl)c(Cl)c1c(oc2c(Cl)c(Cl)c(Cl)c(Cl)c12)c3Cl","3 STAR: Molfile, Smiles, CAS","4 STAR: Name retrieved from DSSTOX","Clc1c2oc3c(c2c(Cl)c(Cl)c1Cl)c(Cl)c(Cl)c(Cl)c3Cl","InChI=1S/C12Cl8O/c13-3-1-2-4(14)6(16)8(18)10(20)12(2)21-11(1)9(19)7(17)5(3)15","RHIROFAGUQOFLU-UHFFFAOYSA-N",52062,"DTXSID3052062","DSSTox_Low","DTXCID4030629",1
100218.0,"39227-58-2","ValidCAS","1,2,4-TriCDD",,"1,2,4-Trichlorodibenzo-1,4-dioxin","1,2,4-trichlorooxanthrene","Clc3cc(Cl)c2Oc1ccccc1Oc2c3Cl","3 STAR: Molfile, Smiles, CAS","4 STAR: Name retrieved from DSSTOX","Clc1cc(Cl)c(Cl)c2Oc3ccccc3Oc12","InChI=1S/C12H5Cl3O2/c13-6-5-7(14)11-12(10(6)15)17-9-4-2-1-3-8(9)16-11/h1-5H","HRVUKLBFRPWXPJ-UHFFFAOYSA-N",192489,"DTXSID50192489","Public_Medium","DTXCID10114980",0
100219.0,"39227-61-7","ValidCAS","1,2,3,4,7-PCDD",,"1,2,3,4,7-Pentachlorodibenzo-p-dioxin","1,2,3,4,7-pentachlorooxanthrene","Clc1c(Cl)c(Cl)c2Oc3ccc(Cl)cc3Oc2c1Cl","3 STAR: Molfile, Smiles, CAS","4 STAR: Name retrieved from DSSTOX","Clc1cc2Oc3c(Oc2cc1)c(Cl)c(Cl)c(Cl)c3Cl","InChI=1S/C12H3Cl5O2/c13-4-1-2-5-6(3-4)19-12-10(17)8(15)7(14)9(16)11(12)18-5/h1-3H","WRNGAZFESPEMCN-UHFFFAOYSA-N",74041,"DTXSID6074041","Public_High","DTXCID8039613",1
100221.0,"40321-76-4","ValidCAS","1,2,3,7,8-PCDD",,"1,2,3,7,8-Pentachlorodibenzo-p-dioxin","1,2,3,7,8-pentachlorooxanthrene","ClC(C1=C2OC(C=C3Cl)=C(C=C3Cl)O1)=C(C(Cl)=C2)Cl","3 STAR: Molfile, Smiles, CAS","4 STAR: Name retrieved from DSSTOX","Clc1c(Cl)c2Oc3cc(Cl)c(Cl)cc3Oc2cc1Cl","InChI=1S/C12H3Cl5O2/c13-4-1-7-8(2-5(4)14)19-12-9(18-7)3-6(15)10(16)11(12)17/h1-3H","FSPZPQQWDODWAU-UHFFFAOYSA-N",52078,"DTXSID7052078","DSSTox_Low","DTXCID2030645",1
100222.0,"41318-75-6","ValidCAS","2,4,4'-Tribromo DPE",,"2,4,4'-Tribromodiphenyl ether (BDE 28)","4-bromophenyl 2,4-dibromophenyl ether","BrC1=CC(Br)=CC=C1OC2=CC=C(C=C2)Br","3 STAR: Molfile, Smiles, CAS","4 STAR: Name retrieved from DSSTOX","Brc1cc(Br)ccc1Oc1ccc(Br)cc1","InChI=1S/C12H7Br3O/c13-8-1-4-10(5-2-8)16-12-6-3-9(14)7-11(12)15/h1-7H","UPNBETHEXPIWQX-UHFFFAOYSA-N",52710,"DTXSID4052710","DSSTox_High","DTXCID4031304",1
100223.0,"41464-39-5","ValidCAS","2,2',3,5'-PCB","Warning: Structure is taken from ACD/Dictionary","2,2',3,5'-tetrachlorobiphenyl","2,2',3,5'-tetrachlorobiphenyl","Clc1cc(-c2cccc(Cl)c2Cl)c(Cl)cc1","4 STAR","4 STAR","Clc1cc(-c2cccc(Cl)c2Cl)c(Cl)cc1","InChI=1S/C12H6Cl4/c13-7-4-5-10(14)9(6-7)8-2-1-3-11(15)12(8)16/h1-6H","ALDJIKXAHSDLLB-UHFFFAOYSA-N",38302,"DTXSID8038302","DSSTox_Low","DTXCID6018302",0
100224.0,"41464-40-8","ValidCAS","2,2',4,5'-PCB","Warning: Structure is taken from ACD/Dictionary","2,2',4,5'-Tetrachlorobiphenyl","2,4-dichloro-1-(2,5-dichlorophenyl)benzene","Clc1cc(Cl)ccc1-c1cc(Cl)ccc1Cl","4 STAR","4 STAR","Clc1cc(Cl)ccc1-c1cc(Cl)ccc1Cl","InChI=1S/C12H6Cl4/c13-7-2-4-11(15)10(5-7)9-3-1-8(14)6-12(9)16/h1-6H","ZWPVHELAQPIZHO-UHFFFAOYSA-N",73508,"DTXSID8073508","Public_High","DTXCID6039922",1
100225.0,"41464-41-9","ValidCAS","2,2',5,6'-PCB","Warning: Structure is taken from ACD/Dictionary","2,2',5,6'-Tetrachlorobiphenyl","1,4-dichloro-2-(2,6-dichlorophenyl)benzene","Clc1cc(-c2c(Cl)cccc2Cl)c(Cl)cc1","4 STAR","4 STAR","Clc1cc(-c2c(Cl)cccc2Cl)c(Cl)cc1","InChI=1S/C12H6Cl4/c13-7-4-5-9(14)8(6-7)12-10(15)2-1-3-11(12)16/h1-6H","SFTUSTXGTCCSHX-UHFFFAOYSA-N",73509,"DTXSID3073509","Public_High","DTXCID1039923",1
100226.0,"50402-52-3","ValidCAS","1,2,3-Trichloronaphthalene","Ok","Naphthalene, 1,2,3-trichloro-","1,2,3-Trichloronaphthalene","Clc1cc2ccccc2c(Cl)c1Cl","4 STAR","4 STAR","Clc1cc2ccccc2c(Cl)c1Cl","InChI=1S/C10H5Cl3/c11-8-5-6-3-1-2-4-7(6)9(12)10(8)13/h1-5H","QEPTXDCPBXMWJC-UHFFFAOYSA-N",198454,"DTXSID80198454","Public_Medium","DTXCID10120945",1
100227.0,"51207-31-9","ValidCAS","2,3,7,8-TCDF",,"2,3,7,8-Tetrachlorodibenzofuran","2,3,7,8-tetrachlorodibenzo[b,d]furan","Clc3cc2oc1cc(Cl)c(Cl)cc1c2cc3Cl","3 STAR: Molfile, Smiles, CAS","4 STAR: Name retrieved from DSSTOX","Clc1cc2c(cc1Cl)oc1cc(Cl)c(Cl)cc21","InChI=1S/C12H4Cl4O/c13-7-1-5-6-2-8(14)10(16)4-12(6)17-11(5)3-9(7)15/h1-4H","KSMVNVHUTQZITP-UHFFFAOYSA-N",52147,"DTXSID3052147","DSSTox_High","DTXCID8030716",0
100228.0,"52663-58-8","ValidCAS","2,3,4',6-PCB","Warning: Structure is taken from ACD/Dictionary","2,3,4',6-Tetrachlorobiphenyl","1,2,4-trichloro-3-(4-chlorophenyl)benzene","Clc1ccc(cc1)-c1c(Cl)c(Cl)ccc1Cl","4 STAR","4 STAR","Clc1ccc(cc1)-c1c(Cl)c(Cl)ccc1Cl","InChI=1S/C12H6Cl4/c13-8-3-1-7(2-4-8)11-9(14)5-6-10(15)12(11)16/h1-6H","FXRXQYZZALWWGA-UHFFFAOYSA-N",74159,"DTXSID3074159","Public_High","DTXCID4041232",1
100229.0,"52663-60-2","ValidCAS","2,2',3,3',6-PCB","Warning: Structure is taken from ACD/Dictionary","2,2',3,3',6-Pentachlorobiphenyl","1,2,4-trichloro-3-(2,3-dichlorophenyl)benzene","Clc1c(-c2cccc(Cl)c2Cl)c(Cl)ccc1Cl","4 STAR","4 STAR","Clc1c(-c2cccc(Cl)c2Cl)c(Cl)ccc1Cl","InChI=1S/C12H5Cl5/c13-7-4-5-9(15)12(17)10(7)6-2-1-3-8(14)11(6)16/h1-5H","QVWUJLANSDKRAH-UHFFFAOYSA-N",73536,"DTXSID0073536","Public_High","DTXCID4041234",1
100230.0,"52663-68-0","ValidCAS","2,2',3,4',5,5',6-PCB","Warning: Structure is taken from ACD/Dictionary","2,2',3,4',5,5',6-Heptachloro-1,1'-biphenyl","2,2',3,4',5,5',6-heptachlorobiphenyl","Clc1cc(Cl)c(Cl)cc1-c1c(Cl)c(Cl)cc(Cl)c1Cl","4 STAR","4 STAR","Clc1cc(Cl)c(Cl)cc1-c1c(Cl)c(Cl)cc(Cl)c1Cl","InChI=1S/C12H3Cl7/c13-5-2-7(15)6(14)1-4(5)10-11(18)8(16)3-9(17)12(10)19/h1-3H","UDMZPLROONOSEF-UHFFFAOYSA-N",52832,"DTXSID5052832","DSSTox_Low","DTXCID7031375",1
100231.0,"52663-71-5","ValidCAS","2,2',3,3',4,4',6-PCB","Warning: Structure is taken from ACD/Dictionary","2,2',3,3',4,4',6-Heptachlorobiphenyl","1,2,3,5-tetrachloro-4-(2,3,4-trichlorophenyl)benzene","Clc1cc(Cl)c(-c2ccc(Cl)c(Cl)c2Cl)c(Cl)c1Cl","4 STAR","4 STAR","Clc1cc(Cl)c(-c2ccc(Cl)c(Cl)c2Cl)c(Cl)c1Cl","InChI=1S/C12H3Cl7/c13-5-2-1-4(9(16)10(5)17)8-6(14)3-7(15)11(18)12(8)19/h1-3H","TZMHVHLTPWKZCI-UHFFFAOYSA-N",73540,"DTXSID4073540","Public_High","DTXCID3041243",0
100232.0,"53555-63-8","ValidCAS","1,2,3,5-Tetrachloronaphthalene","Ok","Naphthalene, 1,2,3,5-tetrachloro-","1,2,3,5-Tetrachloronaphthalene","Clc1cccc2c1cc(Cl)c(Cl)c2Cl","4 STAR","4 STAR","Clc1cccc2c1cc(Cl)c(Cl)c2Cl","InChI=1S/C10H4Cl4/c11-7-3-1-2-5-6(7)4-8(12)10(14)9(5)13/h1-4H","HJJKSUVYCQAMBG-UHFFFAOYSA-N",201772,"DTXSID00201772","Public_Medium","DTXCID30124263",1
100233.0,"53555-64-9","ValidCAS","1,3,5,7-Tetrachloronaphthalene","Ok","Naphthalene, 1,3,5,7-tetrachloro-","1,3,5,7-Tetrachloronaphthalene","Clc1cc(Cl)c2cc(Cl)cc(Cl)c2c1","4 STAR","4 STAR","Clc1cc(Cl)c2cc(Cl)cc(Cl)c2c1","InChI=1S/C10H4Cl4/c11-5-1-7-8(10(14)3-5)2-6(12)4-9(7)13/h1-4H","OTTCXKPQKOLSJN-UHFFFAOYSA-N",201773,"DTXSID60201773","Public_Medium","DTXCID90124264",1
100234.0,"53555-65-0","ValidCAS","1,2,3,5,7-PC-naphthalene",,"Naphthalene, 1,2,3,5,7-pentachloro-","1,2,3,5,7-Pentachloronaphthalene","Clc1c(cc2c(cc(cc2c1Cl)Cl)Cl)Cl","3 STAR: Molfile, Smiles, CAS","4 STAR: Name retrieved from DSSTOX","Clc1cc(Cl)c2cc(Cl)c(Cl)c(Cl)c2c1","InChI=1S/C10H3Cl5/c11-4-1-6-5(7(12)2-4)3-8(13)10(15)9(6)14/h1-3H","OVSKLQPHXHPXDR-UHFFFAOYSA-N",201774,"DTXSID20201774","Public_Medium","DTXCID50124265",1
100235.0,"55673-89-7","ValidCAS","1,2,3,4,7,8,9-HpCDF",,"1,2,3,4,7,8,9-Heptachlorodibenzofuran","1,2,3,4,7,8,9-heptachlorodibenzo[b,d]furan","Clc3c(c(c(c2c3c1c(o2)cc(c(c1Cl)Cl)Cl)Cl)Cl)Cl","3 STAR: Molfile, Smiles, CAS","4 STAR: Name retrieved from DSSTOX","Clc1cc2oc3c(c2c(Cl)c1Cl)c(Cl)c(Cl)c(Cl)c3Cl","InChI=1S/C12HCl7O/c13-2-1-3-4(7(15)6(2)14)5-8(16)9(17)10(18)11(19)12(5)20-3/h1H","VEZCTZWLJYWARH-UHFFFAOYSA-N",52216,"DTXSID9052216","DSSTox_High","DTXCID1030787",0
100236.0,"55720-43-9","ValidCAS","1,4,6,7-Tetrachloronaphthalene","Ok","Naphthalene, 1,4,6,7-tetrachloro-","1,4,6,7-Tetrachloronaphthalene","Clc1ccc(Cl)c2cc(Cl)c(Cl)cc12","4 STAR","4 STAR","Clc1ccc(Cl)c2cc(Cl)c(Cl)cc12","InChI=1S/C10H4Cl4/c11-7-1-2-8(12)6-4-10(14)9(13)3-5(6)7/h1-4H","VJZRCIYSYVGDMU-UHFFFAOYSA-N",204269,"DTXSID60204269","Public_Medium","DTXCID10126760",1
100237.0,"57117-31-4","ValidCAS","2,3,4,7,8-PCDF",,"2,3,4,7,8-Pentachlorodibenzofuran","2,3,4,7,8-pentachlorodibenzo[b,d]furan","c1(Cl)cc2c3cc(Cl)c(Cl)cc3oc2c(Cl)c1Cl","3 STAR: Molfile, Smiles, CAS","4 STAR: Name retrieved from DSSTOX","Clc1c(Cl)c2oc3cc(Cl)c(Cl)cc3c2cc1Cl","InChI=1S/C12H3Cl5O/c13-6-1-4-5-2-8(15)10(16)11(17)12(5)18-9(4)3-7(6)14/h1-3H","OGBQILNBLMPPDP-UHFFFAOYSA-N",30066,"DTXSID7030066","DSSTox_High","DTXCID5010066",1
100238.0,"57117-44-9","ValidCAS","1,2,3,6,7,8-HxCDF",,"1,2,3,6,7,8-Hexachlorodibenzofuran","1,2,3,6,7,8-HEXACHLORODIBENZOFURAN","Clc1c(Cl)c2c3cc(Cl)c(Cl)c(Cl)c3Oc2cc1Cl","3 STAR: Molfile, Smiles, CAS","4 STAR: Name retrieved from DSSTOX","Clc1cc2c(oc3cc(Cl)c(Cl)c(Cl)c23)c(Cl)c1Cl","InChI=1S/C12H2Cl6O/c13-4-1-3-7-6(2-5(14)8(15)10(7)17)19-12(3)11(18)9(4)16/h1-2H","JEYJJJXOFWNEHN-UHFFFAOYSA-N",69155,"DTXSID2069155","Public_High","DTXCID0042169",1
100239.0,"57465-28-8","ValidCAS","3,3,4,4',5-PCB",,"3,3',4,4',5-Pentachlorobiphenyl","3,3',4,4',5-pentachlorobiphenyl","Clc2c(cc(cc2Cl)c1ccc(c(c1)Cl)Cl)Cl","3 STAR: Molfile, Smiles, CAS","4 STAR: Name retrieved from DSSTOX","Clc1ccc(cc1Cl)-c1cc(Cl)c(Cl)c(Cl)c1","InChI=1S/C12H5Cl5/c13-8-2-1-6(3-9(8)14)7-4-10(15)12(17)11(16)5-7/h1-5H","REHONNLQRWTIFF-UHFFFAOYSA-N",32179,"DTXSID3032179","DSSTox_Low","DTXCID9012143",0
100240.0,"57653-85-7","ValidCAS","1,2,3,6,7,8-HxCDD",,"1,2,3,6,7,8-Hexachlorodibenzo-p-dioxin","1,2,3,6,7,8-hexachlorooxanthrene","Clc2cc1Oc3c(Oc1c(Cl)c2Cl)cc(Cl)c(Cl)c3Cl","3 STAR: Molfile, Smiles, CAS","4 STAR: Name retrieved from DSSTOX","Clc1cc2Oc3c(cc(Cl)c(Cl)c3Cl)Oc2c(Cl)c1Cl","InChI=1S/C12H2Cl6O2/c13-3-1-5-11(9(17)7(3)15)20-6-2-4(14)8(16)10(18)12(6)19-5/h1-2H","YCLUIPQDHHPDJJ-UHFFFAOYSA-N",23824,"DTXSID0023824","DSSTox_Low","DTXCID103824",1
100241.0,"58802-20-3","ValidCAS","1,2,7,8-TCDF",,"1,2,7,8-Tetrachlorodibenzofuran","1,2,7,8-TETRACHLORODIBENZOFURAN","c1(Cl)c(Cl)c2c3cc(Cl)c(Cl)cc3oc2cc1","3 STAR: Molfile, Smiles, CAS","4 STAR: Name retrieved from DSSTOX","Clc1ccc2oc3cc(Cl)c(Cl)cc3c2c1Cl","InChI=1S/C12H4Cl4O/c13-6-1-2-9-11(12(6)16)5-3-7(14)8(15)4-10(5)17-9/h1-4H","JODWPAQNABOHDG-UHFFFAOYSA-N",207538,"DTXSID60207538","Public_Medium","DTXCID10130029",1
100243.0,"60348-60-9","ValidCAS","2,2',4,4',5-Pentabromo DPE",,"2,2',4,4',5-Pentabromodiphenyl ether","C12H5Br5O","BrC1=CC(Br)=C(C=C1OC2=CC=C(C=C2Br)Br)Br","3 STAR: Molfile, Smiles, CAS","4 STAR: Name retrieved from DSSTOX","Brc1cc(Br)c(cc1)Oc1cc(Br)c(Br)cc1Br","InChI=1S/C12H5Br5O/c13-6-1-2-11(9(16)3-6)18-12-5-8(15)7(14)4-10(12)17/h1-5H","WHPVYXDFIXRKLN-UHFFFAOYSA-N",30048,"DTXSID9030048","DSSTox_High","DTXCID404246",1
100244.0,"60851-34-5","ValidCAS","2,3,4,6,7,8-HxCDF",,"2,3,4,6,7,8-Hexachlorodibenzo[b,d]furan","2,3,4,6,7,8-hexachlorodibenzo[b,d]furan","Clc1cc2c3cc(Cl)c(Cl)c(Cl)c3Oc2c(Cl)c1Cl","3 STAR: Molfile, Smiles, CAS","4 STAR: Name retrieved from DSSTOX","Clc1cc2c(oc3c2cc(Cl)c(Cl)c3Cl)c(Cl)c1Cl","InChI=1S/C12H2Cl6O/c13-5-1-3-4-2-6(14)8(16)10(18)12(4)19-11(3)9(17)7(5)15/h1-2H","XTAHLACQOVXINQ-UHFFFAOYSA-N",52276,"DTXSID3052276","DSSTox_High","DTXCID3030848",0
100246.0,"67562-39-4","ValidCAS","1,2,3,4,6,7,8-HpCDF",,"1,2,3,4,6,7,8-Heptachlorodibenzo[b,d]furan","1,2,3,4,6,7,8-heptachlorodibenzo[b,d]furan","c1(Cl)c(Cl)c2c3cc(Cl)c(Cl)c(Cl)c3oc2c(Cl)c1Cl","3 STAR: Molfile, Smiles, CAS","4 STAR: Name retrieved from DSSTOX","Clc1cc2c(oc3c2c(Cl)c(Cl)c(Cl)c3Cl)c(Cl)c1Cl","InChI=1S/C12HCl7O/c13-3-1-2-4-6(15)7(16)8(17)10(19)12(4)20-11(2)9(18)5(3)14/h1H","WDMKCPIVJOGHBF-UHFFFAOYSA-N",52350,"DTXSID8052350","DSSTox_Low","DTXCID8030922",1
100247.0,"67922-21-8","ValidCAS","1,2,4,7-Tetrachloronaphthalene","Ok","Naphthalene, 1,2,4,7-tetrachloro-","1,2,4,7-Tetrachloronaphthalene","Clc1cc2c(cc1)c(Cl)cc(Cl)c2Cl","4 STAR","4 STAR","Clc1cc2c(cc1)c(Cl)cc(Cl)c2Cl","InChI=1S/C10H4Cl4/c11-5-1-2-6-7(3-5)10(14)9(13)4-8(6)12/h1-4H","PWXOBMRJWBBEED-UHFFFAOYSA-N",218135,"DTXSID70218135","Public_Medium","DTXCID90140626",1
100249.0,"70648-26-9","ValidCAS","1,2,3,4,7,8-HxCDF",,"1,2,3,4,7,8-Hexachlorodibenzofuran","1,2,3,4,7,8-hexachlorodibenzo[b,d]furan","Clc1c(Cl)c2c3cc(Cl)c(Cl)cc3Oc2c(Cl)c1Cl","3 STAR: Molfile, Smiles, CAS","4 STAR: Name retrieved from DSSTOX","Clc1cc2c3c(oc2cc1Cl)c(Cl)c(Cl)c(Cl)c3Cl","InChI=1S/C12H2Cl6O/c13-4-1-3-6(2-5(4)14)19-12-7(3)8(15)9(16)10(17)11(12)18/h1-2H","LVYBAQIVPKCOEE-UHFFFAOYSA-N",29915,"DTXSID6029915","DSSTox_Low","DTXCID009915",1
100250.0,"72918-21-9","ValidCAS","1,2,3,7,8,9-HxCDF",,"1,2,3,7,8,9-Hexachlorodibenzo[b,d]furan","1,2,3,7,8,9-hexachlorodibenzo[b,d]furan","Clc3c(c(cc2c3c1c(o2)cc(c(c1Cl)Cl)Cl)Cl)Cl","3 STAR: Molfile, Smiles, CAS","4 STAR: Name retrieved from DSSTOX","Clc1cc2oc3cc(Cl)c(Cl)c(Cl)c3c2c(Cl)c1Cl","InChI=1S/C12H2Cl6O/c13-3-1-5-7(11(17)9(3)15)8-6(19-5)2-4(14)10(16)12(8)18/h1-2H","PYUSJFJVDVSXIU-UHFFFAOYSA-N",52470,"DTXSID9052470","DSSTox_Low","DTXCID6031043",0
100251.0,"73575-54-9","ValidCAS","2,2',3,6,6'-PCB","Warning: Structure is taken from ACD/Dictionary","2,2',3,6,6'-Pentachlorobiphenyl","1,2,4-trichloro-3-(2,6-dichlorophenyl)benzene","Clc1c(-c2c(Cl)cccc2Cl)c(Cl)ccc1Cl","4 STAR","4 STAR","Clc1c(-c2c(Cl)cccc2Cl)c(Cl)ccc1Cl","InChI=1S/C12H5Cl5/c13-6-2-1-3-7(14)10(6)11-8(15)4-5-9(16)12(11)17/h1-5H","QQFGAXUIQVKBKU-UHFFFAOYSA-N",74216,"DTXSID5074216","Public_High","DTXCID7047562",1
100252.0,"74472-47-2","ValidCAS","2,3,4,5,6,2',4'-PCB",,"2,2',3,4,4',5,6-Heptachlorobiphenyl","1,2,3,4,5-pentachloro-6-(2,4-dichlorophenyl)benzene","Clc1c(c(c(c(c1Cl)Cl)Cl)Cl)c2ccc(cc2Cl)Cl","3 STAR: Molfile, Smiles, CAS","4 STAR: Name retrieved from DSSTOX","Clc1cc(Cl)c(cc1)-c1c(Cl)c(Cl)c(Cl)c(Cl)c1Cl","InChI=1S/C12H3Cl7/c13-4-1-2-5(6(14)3-4)7-8(15)10(17)12(19)11(18)9(7)16/h1-3H","DJEUXBQAKBLKPO-UHFFFAOYSA-N",74235,"DTXSID8074235","Public_High","DTXCID8047686",1
100253.0,"83704-54-5","ValidCAS","1,2,3,8,9-PCDF",,"1,2,3,8,9-Pentachlorodibenzofuran","1,2,3,8,9-PENTACHLORODIBENZOFURAN","Clc3c(c(cc2c3c1c(o2)ccc(c1Cl)Cl)Cl)Cl","3 STAR: Molfile, Smiles, CAS","4 STAR: Name retrieved from DSSTOX","Clc1c2c3c(ccc(Cl)c3Cl)oc2cc(Cl)c1Cl","InChI=1S/C12H3Cl5O/c13-4-1-2-6-8(10(4)15)9-7(18-6)3-5(14)11(16)12(9)17/h1-3H","NKGLWUJPCTUDEH-UHFFFAOYSA-N",232567,"DTXSID60232567","Public_Medium","DTXCID90155058",1
100254.0,"90948-28-0","ValidCAS","1,2,4,5,6,8-HxC-naphthalene",,"Naphthalene, 1,2,4,5,6,8-hexachloro-","1,2,4,5,6,8-Hexachloronaphthalene","Clc1cc(c2c(c(cc(c2c1Cl)Cl)Cl)Cl)Cl","3 STAR: Molfile, Smiles, CAS","4 STAR: Name retrieved from DSSTOX","Clc1cc(Cl)c(Cl)c2c1c(Cl)c(Cl)cc2Cl","InChI=1S/C10H2Cl6/c11-3-1-5(13)9(15)8-4(12)2-6(14)10(16)7(3)8/h1-2H","JHKLUUFTHIWTKX-UHFFFAOYSA-N",238330,"DTXSID90238330","Public_Medium","DTXCID10160821",0
100255.0,"92341-07-6","ValidCAS","1,2,3,4,8,9-HxCDF",,"Dibenzofuran, 1,2,3,4,8,9-hexachloro-","1,2,3,4,8,9-HEXACHLORODIBENZOFURAN","Clc3c(c(c(c2c3c1c(o2)ccc(c1Cl)Cl)Cl)Cl)Cl","3 STAR: Molfile, Smiles, CAS","4 STAR: Name retrieved from DSSTOX","Clc1ccc2oc3c(c2c1Cl)c(Cl)c(Cl)c(Cl)c3Cl","InChI=1S/C12H2Cl6O/c13-3-1-2-4-5(7(3)14)6-8(15)9(16)10(17)11(18)12(6)19-4/h1-2H","VSDUQUBUJRNREH-UHFFFAOYSA-N",75276,"DTXSID1075276","Public_High","DTXCID2048793",1
100256.0,"103426-94-4","ValidCAS","1,2,3,5,7,8-HxC-naphthalene",,"Naphthalene, 1,2,3,5,7,8-hexachloro-","1,2,3,5,7,8-hexachloronaphthalene","Clc1c(cc2c(cc(c(c2c1Cl)Cl)Cl)Cl)Cl","3 STAR: Molfile, Smiles, CAS","4 STAR: Name retrieved from DSSTOX","Clc1cc2c(c(Cl)c1Cl)c(Cl)c(Cl)cc2Cl","InChI=1S/C10H2Cl6/c11-4-2-6(13)8(14)7-3(4)1-5(12)9(15)10(7)16/h1-2H","JPQLLIUTUFJWMH-UHFFFAOYSA-N",145833,"DTXSID90145833","Public_Medium","DTXCID9068324",1
100257.0,"103426-96-6","ValidCAS","1,2,3,4,6,7-HxC-naphthalene",,"1,2,3,4,6,7-Hexachloronaphthalene","1,2,3,4,6,7-hexachloronaphthalene","Clc1c(c(c2cc(c(cc2c1Cl)Cl)Cl)Cl)Cl","3 STAR: Molfile, Smiles, CAS","4 STAR: Name retrieved from DSSTOX","Clc1cc2c(cc1Cl)c(Cl)c(Cl)c(Cl)c2Cl","InChI=1S/C10H2Cl6/c11-5-1-3-4(2-6(5)12)8(14)10(16)9(15)7(3)13/h1-2H","ZRNSVEOEIWQEMU-UHFFFAOYSA-N",36885,"DTXSID6036885","DSSTox_Low","DTXCID4016885",1
100258.0,"103426-97-7","ValidCAS","1,2,3,5,6,7-HxC-naphthalene",,"1,2,3,5,6,7-Hexachloronaphthalene","1,2,3,5,6,7-hexachloronaphthalene","Clc1c(cc2c(c(c(cc2c1Cl)Cl)Cl)Cl)Cl","3 STAR: Molfile, Smiles, CAS","4 STAR: Name retrieved from DSSTOX","Clc1cc2c(cc(Cl)c(Cl)c2Cl)c(Cl)c1Cl","InChI=1S/C10H2Cl6/c11-5-1-3-4(8(14)9(5)15)2-6(12)10(16)7(3)13/h1-2H","XZLJCGGEQLNWDT-UHFFFAOYSA-N",36886,"DTXSID1036886","DSSTox_Low","DTXCID4011837",0
100259.0,"150224-24-1","ValidCAS","1,2,3,5,8-PC-naphthalene",,"Naphthalene, 1,2,3,5,8-pentachloro-","1,2,3,5,8-Pentachloronaphthalene","Clc1c(c(c2c(ccc(c2c1)Cl)Cl)Cl)Cl","3 STAR: Molfile, Smiles, CAS","4 STAR: Name retrieved from DSSTOX","Clc1cc2c(c(Cl)c1Cl)c(Cl)ccc2Cl","InChI=1S/C10H3Cl5/c11-5-1-2-6(12)8-4(5)3-7(13)9(14)10(8)15/h1-3H","HVYRFNJXZVEGFK-UHFFFAOYSA-N",164507,"DTXSID70164507","Public_Medium","DTXCID3086998",1
100260.0,"182346-21-0","ValidCAS","2,2',3,4,4'-Pentabromo DPE",,"2,2',3,4,4'-Pentabromodiphenyl ether (BDE 85)","2,4-dibromophenyl 2,3,4-tribromophenyl ether","BrC1=C(C(Br)=CC=C1OC2=CC=C(C=C2Br)Br)Br","3 STAR: Molfile, Smiles, CAS","4 STAR: Name retrieved from DSSTOX","Brc1cc(Br)c(cc1)Oc1ccc(Br)c(Br)c1Br","InChI=1S/C12H5Br5O/c13-6-1-3-9(8(15)5-6)18-10-4-2-7(14)11(16)12(10)17/h1-5H","DMLQSUZPTTUUDP-UHFFFAOYSA-N",52685,"DTXSID4052685","DSSTox_High","DTXCID8031283",1
100271.0,"SRC005-98-0","InvalidCAS","1,2,5-Trichloronaphthalene",,"Naphthalene, 1,2,5-trichloro-","1,2,5-Trichloronaphthalene","Clc1ccc2c(Cl)cccc2c1Cl","3 STAR: Molfile, Smiles, Name, CAS not in DSSTox","4 STAR: CAS retrieved from DSSTOX: 55720-33-7","Clc1cccc2c1ccc(Cl)c2Cl","InChI=1S/C10H5Cl3/c11-8-3-1-2-7-6(8)4-5-9(12)10(7)13/h1-5H","MMHZKSMAFILONG-UHFFFAOYSA-N",204259,"DTXSID10204259","Public_Medium","DTXCID60126750",1
100272.0,"SRC005-98-1","InvalidCAS","1,2,6-Trichloronaphthalene",,"Naphthalene, 1,2,6-trichloro-","1,2,6-Trichloronaphthalene","Clc1ccc2cc(Cl)ccc2c1Cl","3 STAR: Molfile, Smiles, Name, CAS not in DSSTox","4 STAR: CAS retrieved from DSSTOX: 51570-44-6","Clc1cc2ccc(Cl)c(Cl)c2cc1","InChI=1S/C10H5Cl3/c11-7-2-3-8-6(5-7)1-4-9(12)10(8)13/h1-5H","AAUJSCRITBXDJH-UHFFFAOYSA-N",199524,"DTXSID00199524","Public_Medium","DTXCID60122015",0
100273.0,"SRC005-98-2","InvalidCAS","1,2,7-Trichloronaphthalene",,"Naphthalene, 1,2,7-trichloro-","1,2,7-Trichloronaphthalene","Clc1ccc2ccc(Cl)cc2c1Cl","3 STAR: Molfile, Smiles, Name, CAS not in DSSTox","4 STAR: CAS retrieved from DSSTOX: 55720-34-8","Clc1cc2c(cc1)ccc(Cl)c2Cl","InChI=1S/C10H5Cl3/c11-7-3-1-6-2-4-9(12)10(13)8(6)5-7/h1-5H","QYYUVUXSJZJCLQ-UHFFFAOYSA-N",204260,"DTXSID20204260","Public_Medium","DTXCID20126751",1
100274.0,"SRC005-98-3","InvalidCAS","1,6,7-Trichloronaphthalene",,"Naphthalene, 1,6,7-trichloro-","1,6,7-Trichloronaphthalene","c1ccc2cc(Cl)c(Cl)cc2c1Cl","3 STAR: Molfile, Smiles, Name, CAS not in DSSTox","4 STAR: CAS retrieved from DSSTOX: 55720-39-3","Clc1cccc2cc(Cl)c(Cl)cc12","InChI=1S/C10H5Cl3/c11-8-3-1-2-6-4-9(12)10(13)5-7(6)8/h1-5H","FUEZTEBYLIMNHN-UHFFFAOYSA-N",204265,"DTXSID20204265","Public_Medium","DTXCID20126756",1
100275.0,"SRC005-98-4","InvalidCAS","1,3,5-Trichloronaphthalene","Ok",,,"c1c(Cl)cc2c(Cl)cccc2c1Cl","3 STAR: Molfile, Smiles, Name, CAS not in DSSTox","3 STAR: Molfile, Smiles, Name, CAS not in DSSTox, structure not in DSSTOX","Clc1cc2c(cccc2Cl)c(Cl)c1","InChI=1S/C10H5Cl3/c11-6-4-8-7(10(13)5-6)2-1-3-9(8)12/h1-5H","DZHZYPCCEISGSQ-UHFFFAOYSA-N",,,,,1
100276.0,"SRC005-98-5","InvalidCAS","1,4,6-Trichloronaphthalene",,"Naphthalene, 1,4,6-trichloro-","1,4,6-Trichloronaphthalene","c1cc(Cl)c2cc(Cl)ccc2c1Cl","3 STAR: Molfile, Smiles, Name, CAS not in DSSTox","4 STAR: CAS retrieved from DSSTOX: 2437-54-9","Clc1cc2c(cc1)c(Cl)ccc2Cl","InChI=1S/C10H5Cl3/c11-6-1-2-7-8(5-6)10(13)4-3-9(7)12/h1-5H","RLTTZFDRZKJVKJ-UHFFFAOYSA-N",179114,"DTXSID50179114","Public_Medium","DTXCID80101605",0
100277.0,"SRC005-98-6","InvalidCAS","1,4,5-Trichloronaphthalene",,"Naphthalene, 1,4,5-trichloro-","1,4,5-Trichloronaphthalene","c1cc(Cl)c2c(Cl)cccc2c1Cl","3 STAR: Molfile, Smiles, Name, CAS not in DSSTox","4 STAR: CAS retrieved from DSSTOX: 2437-55-0","Clc1ccc(Cl)c2cccc(Cl)c12","InChI=1S/C10H5Cl3/c11-7-4-5-9(13)10-6(7)2-1-3-8(10)12/h1-5H","VQSNXLCFFHGXTI-UHFFFAOYSA-N",179115,"DTXSID10179115","Public_Medium","DTXCID40101606",1
100278.0,"SRC005-98-7","InvalidCAS","1,2,3,7-Tetrachloronaphthalene",,"Naphthalene, 1,2,3,7-tetrachloro-","1,2,3,7-Tetrachloronaphthalene","Clc1c(Cl)cc2ccc(Cl)cc2c1Cl","3 STAR: Molfile, Smiles, Name, CAS not in DSSTox","4 STAR: CAS retrieved from DSSTOX: 55720-41-7","Clc1cc2c(cc(Cl)c(Cl)c2Cl)cc1","InChI=1S/C10H4Cl4/c11-6-2-1-5-3-8(12)10(14)9(13)7(5)4-6/h1-4H","AULMCNDOHMTPGC-UHFFFAOYSA-N",204267,"DTXSID40204267","Public_Medium","DTXCID40126758",1
100279.0,"SRC005-98-8","InvalidCAS","1,2,4,6-Tetrachloronaphthalene",,"Naphthalene, 1,2,4,6-tetrachloro-","1,2,4,6-Tetrachloronaphthalene","Clc1cc(Cl)c2cc(Cl)ccc2c1Cl","3 STAR: Molfile, Smiles, Name, CAS not in DSSTox","4 STAR: CAS retrieved from DSSTOX: 51570-45-7","Clc1cc2c(cc1)c(Cl)c(Cl)cc2Cl","InChI=1S/C10H4Cl4/c11-5-1-2-6-7(3-5)8(12)4-9(13)10(6)14/h1-4H","GLVVZPZGCNEVEM-UHFFFAOYSA-N",199525,"DTXSID60199525","Public_Medium","DTXCID20122016",1
100280.0,"SRC005-98-9","InvalidCAS","1,2,4,5-Tetrachloronaphthalene",,"Naphthalene, 1,2,4,5-tetrachloro-","1,2,4,5-Tetrachloronaphthalene","Clc1cc(Cl)c2c(Cl)cccc2c1Cl","3 STAR: Molfile, Smiles, Name, CAS not in DSSTox","4 STAR: CAS retrieved from DSSTOX: 6733-54-6","Clc1cc(Cl)c2c(cccc2Cl)c1Cl","InChI=1S/C10H4Cl4/c11-6-3-1-2-5-9(6)7(12)4-8(13)10(5)14/h1-4H","BIVDISPRSYAHQQ-UHFFFAOYSA-N",217680,"DTXSID90217680","Public_Medium","DTXCID40140171",0
100281.0,"SRC005-99-0","InvalidCAS","1,2,4,8-Tetrachloronaphthalene",,"Naphthalene, 1,2,4,8-tetrachloro-","1,2,4,8-Tetrachloronaphthalene","Clc1cc(Cl)c2cccc(Cl)c2c1Cl","3 STAR: Molfile, Smiles, Name, CAS not in DSSTox","4 STAR: CAS retrieved from DSSTOX: 6529-87-9","Clc1cc(Cl)c2cccc(Cl)c2c1Cl","InChI=1S/C10H4Cl4/c11-6-3-1-2-5-7(12)4-8(13)10(14)9(5)6/h1-4H","OBUSZUCZKSCTMW-UHFFFAOYSA-N",215636,"DTXSID40215636","Public_Medium","DTXCID70138127",1
100282.0,"SRC005-99-1","InvalidCAS","1,2,5,8-Tetrachloronaphthalene","Ok",,,"Clc1ccc2c(Cl)ccc(Cl)c2c1Cl","3 STAR: Molfile, Smiles, Name, CAS not in DSSTox","3 STAR: Molfile, Smiles, Name, CAS not in DSSTox, structure not in DSSTOX","Clc1ccc(Cl)c2ccc(Cl)c(Cl)c12","InChI=1S/C10H4Cl4/c11-6-3-4-7(12)9-5(6)1-2-8(13)10(9)14/h1-4H","DLTBLLHAQLBHDR-UHFFFAOYSA-N",,,,,1
100283.0,"SRC005-99-2","InvalidCAS","1,4,5,8-Tetrachloronaphthalene",,"Naphthalene, 1,4,5,8-tetrachloro-","1,4,5,8-Tetrachloronaphthalene","c1cc(Cl)c2c(Cl)ccc(Cl)c2c1Cl","3 STAR: Molfile, Smiles, Name, CAS not in DSSTox","4 STAR: CAS retrieved from DSSTOX: 3432-57-3","Clc1ccc(Cl)c2c1c(Cl)ccc2Cl","InChI=1S/C10H4Cl4/c11-5-1-2-6(12)10-8(14)4-3-7(13)9(5)10/h1-4H","LITCKAVLJAKHOE-UHFFFAOYSA-N",187886,"DTXSID60187886","Public_Medium","DTXCID20110377",1
100284.0,"SRC005-99-3","InvalidCAS","1,2,3,8-Tetrachloronaphthalene",,"1,2,3,8-tetrachloronaphthalene","C10H4Cl4","Clc1c(Cl)cc2cccc(Cl)c2c1Cl","3 STAR: Molfile, Smiles, Name, CAS not in DSSTox","4 STAR: CAS retrieved from DSSTOX: 149864-81-3","Clc1cc2cccc(Cl)c2c(Cl)c1Cl","InChI=1S/C10H4Cl4/c11-6-3-1-2-5-4-7(12)9(13)10(14)8(5)6/h1-4H","UVMHXYSILPJXPK-UHFFFAOYSA-N",335269,"DTXSID60335269","Public_Low","DTXCID10286358",0
100285.0,"SRC005-99-4","InvalidCAS","1,2,5,6-Tetrachloronaphthalene",,"Naphthalene, 1,2,5,6-tetrachloro-","1,2,5,6-Tetrachloronaphthalene","Clc1ccc2c(Cl)c(Cl)ccc2c1Cl","3 STAR: Molfile, Smiles, Name, CAS not in DSSTox","4 STAR: CAS retrieved from DSSTOX: 67922-22-9","Clc1ccc2c(ccc(Cl)c2Cl)c1Cl","InChI=1S/C10H4Cl4/c11-7-3-1-5-6(10(7)14)2-4-8(12)9(5)13/h1-4H","ZPUUGNBIWHBXBM-UHFFFAOYSA-N",218136,"DTXSID30218136","Public_Medium","DTXCID50140627",1
100286.0,"SRC005-99-5","InvalidCAS","1,2,6,7-Tetrachloronaphthalene",,"Naphthalene, 1,2,6,7-tetrachloro-","1,2,6,7-Tetrachloronaphthalene","Clc1ccc2cc(Cl)c(Cl)cc2c1Cl","3 STAR: Molfile, Smiles, Name, CAS not in DSSTox","4 STAR: CAS retrieved from DSSTOX: 149864-79-9","Clc1c2cc(Cl)c(Cl)cc2ccc1Cl","InChI=1S/C10H4Cl4/c11-7-2-1-5-3-8(12)9(13)4-6(5)10(7)14/h1-4H","AXLIBZIJTKPCHR-UHFFFAOYSA-N",164419,"DTXSID00164419","Public_Medium","DTXCID1086910",1
100287.0,"SRC005-99-6","InvalidCAS","1,3,6,8-Tetrachloronaphthalene",,"Naphthalene, 1,3,6,8-tetrachloro-","1,3,6,8-Tetrachloronaphthalene","c1c(Cl)cc2cc(Cl)cc(Cl)c2c1Cl","3 STAR: Molfile, Smiles, Name, CAS not in DSSTox","4 STAR: CAS retrieved from DSSTOX: 150224-15-0","Clc1cc2cc(Cl)cc(Cl)c2c(Cl)c1","InChI=1S/C10H4Cl4/c11-6-1-5-2-7(12)4-9(14)10(5)8(13)3-6/h1-4H","XXWQPOHDPJIYIN-UHFFFAOYSA-N",164498,"DTXSID40164498","Public_Medium","DTXCID4086989",1
100288.0,"SRC005-99-7","InvalidCAS","2,3,6,7-Tetrachloronaphthalene",,"Naphthalene, 2,3,6,7-tetrachloro-","2,3,6,7-Tetrachloronaphthalene","Clc1c(Cl)cc2cc(Cl)c(Cl)cc2c1","3 STAR: Molfile, Smiles, Name, CAS not in DSSTox","4 STAR: CAS retrieved from DSSTOX: 34588-40-4","Clc1cc2cc(Cl)c(Cl)cc2cc1Cl","InChI=1S/C10H4Cl4/c11-7-1-5-2-9(13)10(14)4-6(5)3-8(7)12/h1-4H","XTTLUUBHRXWFSZ-UHFFFAOYSA-N",188145,"DTXSID50188145","Public_Medium","DTXCID80110636",0
100289.0,"SRC005-99-8","InvalidCAS","1,2,7,8-Tetrachloronaphthalene",,"Naphthalene, 1,2,7,8-tetrachloro-","1,2,7,8-Tetrachloronaphthalene","Clc1ccc2ccc(Cl)c(Cl)c2c1Cl","3 STAR: Molfile, Smiles, Name, CAS not in DSSTox","4 STAR: CAS retrieved from DSSTOX: 149864-82-4","Clc1ccc2ccc(Cl)c(Cl)c2c1Cl","InChI=1S/C10H4Cl4/c11-6-3-1-5-2-4-7(12)10(14)8(5)9(6)13/h1-4H","DARLUNVQYCQWRW-UHFFFAOYSA-N",164420,"DTXSID10164420","Public_Medium","DTXCID6086911",1
100290.0,"SRC005-99-9","InvalidCAS","3-Bromodiphenyl ether",,"PBDE 002","1-bromo-3-(phenoxy)benzene","c1ccccc1Oc2cc(Br)ccc2","3 STAR: Molfile, Smiles, Name, CAS not in DSSTox","4 STAR: CAS retrieved from DSSTOX: 6876-00-2","Brc1cc(ccc1)Oc1ccccc1","InChI=1S/C12H9BrO/c13-10-5-4-8-12(9-10)14-11-6-2-1-3-7-11/h1-9H","AHDAKFFMKLQPTD-UHFFFAOYSA-N",74773,"DTXSID9074773","Public_High","DTXCID1046217",1
100291.0,"SRC006-00-0","InvalidCAS","2,4-Dibromodiphenyl ether",,"PUBCHEM_14942774","C12H8Br2O","c1ccccc1Oc2c(Br)cc(Br)cc2","3 STAR: Molfile, Smiles, Name, CAS not in DSSTox","4 STAR: CAS retrieved from DSSTOX: 171977-44-9","Brc1cc(Br)c(cc1)Oc1ccccc1","InChI=1S/C12H8Br2O/c13-9-6-7-12(11(14)8-9)15-10-4-2-1-3-5-10/h1-8H","JMCIHKKTRDLVCO-UHFFFAOYSA-N",565813,"DTXSID70565813","Public_Low","DTXCID90516589",1
100292.0,"SRC006-00-1","InvalidCAS","3,4-Dibromodiphenyl ether",,"3,4-Dibromodiphenyl ether","C12H8Br2O","c1ccccc1Oc2cc(Br)c(Br)cc2","3 STAR: Molfile, Smiles, Name, CAS not in DSSTox","4 STAR: CAS retrieved from DSSTOX: 189084-59-1","Brc1ccc(cc1Br)Oc1ccccc1","InChI=1S/C12H8Br2O/c13-11-7-6-10(8-12(11)14)15-9-4-2-1-3-5-9/h1-8H","SUUJFDKVPDCZQZ-UHFFFAOYSA-N",477015,"DTXSID40477015","Public_Low","DTXCID10427825",0
100293.0,"SRC006-00-2","InvalidCAS","2,6-Dibromodiphenyl ether",,"Benzene, 1,3-dibromo-2-phenoxy-","C12H8Br2O","c1ccccc1Oc2c(Br)cccc2Br","3 STAR: Molfile, Smiles, Name, CAS not in DSSTox","4 STAR: CAS retrieved from DSSTOX: 51930-04-2","Brc1cccc(Br)c1Oc1ccccc1","InChI=1S/C12H8Br2O/c13-10-7-4-8-11(14)12(10)15-9-5-2-1-3-6-9/h1-8H","MUVDKHMQIZJFTC-UHFFFAOYSA-N",477016,"DTXSID00477016","Public_Low","DTXCID70427826",1
100294.0,"SRC006-00-3","InvalidCAS","2,4'-Dibromodiphenyl ether",,"PUBCHEM_15738106","C12H8Br2O","c1cc(Br)ccc1Oc2c(Br)cccc2","3 STAR: Molfile, Smiles, Name, CAS not in DSSTox","4 STAR: CAS retrieved from DSSTOX: 147217-71-8","Brc1ccc(cc1)Oc1ccccc1Br","InChI=1S/C12H8Br2O/c13-9-5-7-10(8-6-9)15-12-4-2-1-3-11(12)14/h1-8H","RJQLQJZMLISKRJ-UHFFFAOYSA-N",577712,"DTXSID50577712","Public_Low","DTXCID70528483",0
100295.0,"SRC006-00-4","InvalidCAS","3,4'-Dibromodiphenyl ether",,"PUBCHEM_15738105","C12H8Br2O","c1cc(Br)ccc1Oc2cc(Br)ccc2","3 STAR: Molfile, Smiles, Name, CAS not in DSSTox","4 STAR: CAS retrieved from DSSTOX: 83694-71-7","Brc1ccc(cc1)Oc1cc(Br)ccc1","InChI=1S/C12H8Br2O/c13-9-4-6-11(7-5-9)15-12-3-1-2-10(14)8-12/h1-8H","BGPOVBPKODCMMN-UHFFFAOYSA-N",577711,"DTXSID90577711","Public_Low","DTXCID10528482",1
